-- phpMyAdmin SQL Dump
-- version 4.7.4
-- https://www.phpmyadmin.net/
--
-- Host: 127.0.0.1
-- Generation Time: 30-Jun-2020 às 20:56
-- Versão do servidor: 10.1.26-MariaDB
-- PHP Version: 7.1.9

SET SQL_MODE = "NO_AUTO_VALUE_ON_ZERO";
SET AUTOCOMMIT = 0;
START TRANSACTION;
SET time_zone = "+00:00";


/*!40101 SET @OLD_CHARACTER_SET_CLIENT=@@CHARACTER_SET_CLIENT */;
/*!40101 SET @OLD_CHARACTER_SET_RESULTS=@@CHARACTER_SET_RESULTS */;
/*!40101 SET @OLD_COLLATION_CONNECTION=@@COLLATION_CONNECTION */;
/*!40101 SET NAMES utf8mb4 */;

--
-- Database: `central_erros`
--

-- --------------------------------------------------------

--
-- Estrutura da tabela `events`
--

CREATE TABLE `events` (
  `id` bigint(20) NOT NULL,
  `created_at` datetime DEFAULT NULL,
  `description` varchar(250) NOT NULL,
  `level` int(11) NOT NULL,
  `modified_data` datetime DEFAULT NULL,
  `quantity` int(11) NOT NULL,
  `origins_id` bigint(20) DEFAULT NULL
) ENGINE=MyISAM DEFAULT CHARSET=latin1;

--
-- Extraindo dados da tabela `events`
--

INSERT INTO `events` (`id`, `created_at`, `description`, `level`, `modified_data`, `quantity`, `origins_id`) VALUES
(1, '2020-06-30 18:52:52', 'Descrição de um evento c8bad4a772a74a56a5005ea559e43527', 2, '2020-06-30 18:52:52', 22, 1),
(2, '2020-06-30 18:52:52', 'Descrição de um evento 26de5215febc42c1adc43bb9f535b943', 1, '2020-06-30 18:52:52', 42, 1),
(3, '2020-06-30 18:52:52', 'Descrição de um evento 39a686b62e6b4a828f3306e9e1cfa23a', 0, '2020-06-30 18:52:52', 32, 1),
(4, '2020-06-30 18:52:52', 'Descrição de um evento 36f96000a2ee4f509721cba46d8b530d', 1, '2020-06-30 18:52:52', 12, 1),
(5, '2020-06-30 18:52:52', 'Descrição de um evento 91e310ac5f9a486b8787f9ee72f21ec9', 2, '2020-06-30 18:52:52', 20, 1),
(6, '2020-06-30 18:52:52', 'Descrição de um evento 93dcabb02e72498493e0b8cd49057469', 1, '2020-06-30 18:52:52', 30, 1),
(7, '2020-06-30 18:52:52', 'Descrição de um evento 02c53856889e4279aa9f7a128dd8f14b', 2, '2020-06-30 18:52:52', 27, 2),
(8, '2020-06-30 18:52:53', 'Descrição de um evento 94636024ee794517902f273a892b0274', 1, '2020-06-30 18:52:53', 2, 5),
(9, '2020-06-30 18:52:53', 'Descrição de um evento 83982d6389de437db31a3cac28ce0181', 1, '2020-06-30 18:52:53', 11, 8),
(10, '2020-06-30 18:52:53', 'Descrição de um evento c2367d6ae5eb41d48b1c558a234a0beb', 2, '2020-06-30 18:52:53', 1, 4),
(11, '2020-06-30 18:52:53', 'Descrição de um evento e3b88d7b558244f794d6c635fcc5df5b', 2, '2020-06-30 18:52:53', 0, 10),
(12, '2020-06-30 18:52:53', 'Descrição de um evento edcbea7056b8493d863a02ba2e481975', 2, '2020-06-30 18:52:53', 12, 10),
(13, '2020-06-30 18:52:53', 'Descrição de um evento c52d692b142d451ab1750977d37ad756', 2, '2020-06-30 18:52:53', 32, 13),
(14, '2020-06-30 18:52:53', 'Descrição de um evento e29ee5164ea74949b19874e10b1280ff', 2, '2020-06-30 18:52:53', 48, 12),
(15, '2020-06-30 18:52:53', 'Descrição de um evento 1f39d09dc2604843bbc96b627d6ee5b9', 1, '2020-06-30 18:52:53', 2, 4),
(16, '2020-06-30 18:52:53', 'Descrição de um evento 15a63a180a034b329814b1e0f1afac8e', 1, '2020-06-30 18:52:53', 38, 5),
(17, '2020-06-30 18:52:53', 'Descrição de um evento dbc928d43155492e8750638c808e7110', 2, '2020-06-30 18:52:53', 44, 11),
(18, '2020-06-30 18:52:53', 'Descrição de um evento f09459c8dfda4b75afa238767d41a660', 2, '2020-06-30 18:52:53', 6, 11),
(19, '2020-06-30 18:52:53', 'Descrição de um evento 71d5e26d3f2f46e6be9383d33ba6e955', 0, '2020-06-30 18:52:53', 40, 13),
(20, '2020-06-30 18:52:53', 'Descrição de um evento 8d1055acecec4be98f7c3dcd410677b5', 0, '2020-06-30 18:52:53', 37, 3),
(21, '2020-06-30 18:52:53', 'Descrição de um evento f1be4cd00bde4208a9a69144c95c95a0', 1, '2020-06-30 18:52:53', 41, 15),
(22, '2020-06-30 18:52:53', 'Descrição de um evento 975d7b0e5746476b83ddfcadad75f07a', 1, '2020-06-30 18:52:53', 46, 7),
(23, '2020-06-30 18:52:53', 'Descrição de um evento ff92a9c017b04bfa9089a099249d1907', 2, '2020-06-30 18:52:53', 3, 5),
(24, '2020-06-30 18:52:53', 'Descrição de um evento fb3bc5bfc6f94cf680cc749718583d63', 1, '2020-06-30 18:52:53', 9, 10),
(25, '2020-06-30 18:52:53', 'Descrição de um evento b83e3844b4804fbaa5d3f3330b91be4f', 0, '2020-06-30 18:52:53', 27, 16),
(26, '2020-06-30 18:52:53', 'Descrição de um evento 70c5288b050d4af48769556e3342ad96', 1, '2020-06-30 18:52:53', 1, 17),
(27, '2020-06-30 18:52:53', 'Descrição de um evento a56152efc06a49a3ae4e7a92baadacf5', 1, '2020-06-30 18:52:53', 37, 19),
(28, '2020-06-30 18:52:53', 'Descrição de um evento a7c947be388c41f898bfcd32d89d5ff0', 1, '2020-06-30 18:52:53', 26, 26),
(29, '2020-06-30 18:52:53', 'Descrição de um evento c1a965d0a70e40cda95b9fc098f94181', 2, '2020-06-30 18:52:53', 47, 23),
(30, '2020-06-30 18:52:53', 'Descrição de um evento 8bbf9015d8a34d149ad75724705e4e31', 1, '2020-06-30 18:52:53', 29, 17),
(31, '2020-06-30 18:52:53', 'Descrição de um evento 025c86ad9ce74f0580b49ae06da8b889', 2, '2020-06-30 18:52:53', 4, 19),
(32, '2020-06-30 18:52:53', 'Descrição de um evento d7063021c7ef4612bf6789474a66fde1', 0, '2020-06-30 18:52:53', 43, 17),
(33, '2020-06-30 18:52:53', 'Descrição de um evento b9c2e1a4152e47e8a9ed9c449e5d4dc8', 2, '2020-06-30 18:52:53', 4, 6),
(34, '2020-06-30 18:52:53', 'Descrição de um evento e2b381e6b8c54e67bcc18e6c6f3162f7', 0, '2020-06-30 18:52:53', 39, 11),
(35, '2020-06-30 18:52:53', 'Descrição de um evento cfe8a60e86b5467fb69d3164ac1b747a', 1, '2020-06-30 18:52:53', 36, 34),
(36, '2020-06-30 18:52:53', 'Descrição de um evento ed535557f2924bbeb2a2702412b5b8b8', 1, '2020-06-30 18:52:53', 42, 24),
(37, '2020-06-30 18:52:53', 'Descrição de um evento 4f8ae44b756a4e1591c5a051031b0d66', 0, '2020-06-30 18:52:53', 41, 24),
(38, '2020-06-30 18:52:53', 'Descrição de um evento 52cac5d46cc94036bf059137ac98323e', 2, '2020-06-30 18:52:53', 38, 29),
(39, '2020-06-30 18:52:53', 'Descrição de um evento 398d15a0599949adbd92f05a44008184', 0, '2020-06-30 18:52:53', 37, 38),
(40, '2020-06-30 18:52:53', 'Descrição de um evento 7bdd5246ec20414a88d5686b350b46d3', 1, '2020-06-30 18:52:53', 37, 32),
(41, '2020-06-30 18:52:53', 'Descrição de um evento 2146527235794a678f76d213664d3902', 2, '2020-06-30 18:52:53', 46, 5),
(42, '2020-06-30 18:52:53', 'Descrição de um evento fd8c693150694a58b84138747d99a911', 1, '2020-06-30 18:52:53', 5, 32),
(43, '2020-06-30 18:52:53', 'Descrição de um evento e8347b9ae3fb4eadad7698446d387e32', 1, '2020-06-30 18:52:53', 46, 2),
(44, '2020-06-30 18:52:53', 'Descrição de um evento c2ed04da37d84e42a1230e984c766dc8', 2, '2020-06-30 18:52:53', 27, 23),
(45, '2020-06-30 18:52:53', 'Descrição de um evento 24d68bdfea934fdfbeb979d5c36b6f7b', 0, '2020-06-30 18:52:53', 47, 25),
(46, '2020-06-30 18:52:53', 'Descrição de um evento 28c15bf2f7ac408592645b5f678fb0ff', 0, '2020-06-30 18:52:53', 35, 42),
(47, '2020-06-30 18:52:53', 'Descrição de um evento 0d91d4b862ff44d680104bf31d882c0a', 0, '2020-06-30 18:52:53', 47, 4),
(48, '2020-06-30 18:52:53', 'Descrição de um evento f3eae746341d49dd91908bfd22552a2b', 2, '2020-06-30 18:52:53', 18, 41),
(49, '2020-06-30 18:52:53', 'Descrição de um evento 3a0d59d706b74d9e91ac85185b4bd27d', 1, '2020-06-30 18:52:53', 38, 24),
(50, '2020-06-30 18:52:53', 'Descrição de um evento be0960af386d4414b2317d0be4b5cdf4', 2, '2020-06-30 18:52:53', 38, 50),
(51, '2020-06-30 18:52:53', 'Descrição de um evento 8ccad1476763467cbf2c7e5497d20b22', 1, '2020-06-30 18:52:53', 31, 21),
(52, '2020-06-30 18:52:53', 'Descrição de um evento 11a12b0c998141718a16842beab674e4', 2, '2020-06-30 18:52:53', 5, 5),
(53, '2020-06-30 18:52:53', 'Descrição de um evento eb11fef26f5348a5b1d9f6c8512e6e49', 2, '2020-06-30 18:52:53', 14, 4),
(54, '2020-06-30 18:52:53', 'Descrição de um evento 79448c9aec4844d08bac25be95513fb7', 2, '2020-06-30 18:52:53', 39, 31),
(55, '2020-06-30 18:52:53', 'Descrição de um evento 61fb58b621dc48328500862374eff4df', 1, '2020-06-30 18:52:53', 1, 36),
(56, '2020-06-30 18:52:53', 'Descrição de um evento 202436bd6a874accb21d2a34286bf6a6', 2, '2020-06-30 18:52:53', 18, 45),
(57, '2020-06-30 18:52:53', 'Descrição de um evento 81e04926f9b540cc905d22ecae662f9d', 1, '2020-06-30 18:52:53', 36, 11),
(58, '2020-06-30 18:52:53', 'Descrição de um evento 64737bef06754261add5e21832140bc1', 1, '2020-06-30 18:52:53', 5, 43),
(59, '2020-06-30 18:52:53', 'Descrição de um evento 8bc585e3b3a64541b6bcb2d3295b5291', 2, '2020-06-30 18:52:53', 27, 34),
(60, '2020-06-30 18:52:53', 'Descrição de um evento fcfd0c6005f14b5fa52cbaf830b9bbec', 1, '2020-06-30 18:52:53', 18, 19),
(61, '2020-06-30 18:52:53', 'Descrição de um evento 88e02a4c56984350afea2fafed9a02dd', 0, '2020-06-30 18:52:53', 36, 21),
(62, '2020-06-30 18:52:53', 'Descrição de um evento fe0b949414254ed6bb8da5008ac98264', 0, '2020-06-30 18:52:53', 44, 47),
(63, '2020-06-30 18:52:53', 'Descrição de um evento a50ecb3d3e6842a9a931aee329a19cea', 0, '2020-06-30 18:52:53', 18, 20),
(64, '2020-06-30 18:52:53', 'Descrição de um evento 0324f99e81cf46fc87719649781db060', 0, '2020-06-30 18:52:53', 19, 9),
(65, '2020-06-30 18:52:53', 'Descrição de um evento 41633817bfe74c3fbc4255e1d39fb023', 0, '2020-06-30 18:52:53', 4, 33),
(66, '2020-06-30 18:52:53', 'Descrição de um evento e1981a93e73a4b728d7f6a6216604ac9', 2, '2020-06-30 18:52:53', 11, 58),
(67, '2020-06-30 18:52:53', 'Descrição de um evento cc0973c8ce724b83bbeab4d41eb472c7', 1, '2020-06-30 18:52:53', 38, 4),
(68, '2020-06-30 18:52:53', 'Descrição de um evento 1f0302167435486b87e4898a9da890a6', 0, '2020-06-30 18:52:53', 20, 57),
(69, '2020-06-30 18:52:53', 'Descrição de um evento 23d36a2363ee4e70b815b61d2a5471ac', 0, '2020-06-30 18:52:53', 16, 40),
(70, '2020-06-30 18:52:53', 'Descrição de um evento dd0d9b8557d24d01b3dd35f3f308c5c2', 1, '2020-06-30 18:52:53', 47, 15),
(71, '2020-06-30 18:52:53', 'Descrição de um evento c00051e27f034aaea4260dfb8ce77591', 0, '2020-06-30 18:52:53', 6, 9),
(72, '2020-06-30 18:52:53', 'Descrição de um evento cea929d283fb4894a92ee942f79fda88', 0, '2020-06-30 18:52:53', 11, 5),
(73, '2020-06-30 18:52:53', 'Descrição de um evento 24e430313dda4c87924dd1e53bbd8b49', 2, '2020-06-30 18:52:53', 13, 16),
(74, '2020-06-30 18:52:53', 'Descrição de um evento f194cf3fdf814c249e29398726006f65', 1, '2020-06-30 18:52:53', 20, 16),
(75, '2020-06-30 18:52:53', 'Descrição de um evento bea775d49a774f77a9e1d982808c473e', 2, '2020-06-30 18:52:53', 17, 21),
(76, '2020-06-30 18:52:53', 'Descrição de um evento 62dffb62ebbd41d598243e63841f5c8d', 2, '2020-06-30 18:52:53', 44, 67),
(77, '2020-06-30 18:52:53', 'Descrição de um evento c0a802c451f04b1abbbabe2935c4dbe2', 1, '2020-06-30 18:52:53', 14, 11),
(78, '2020-06-30 18:52:53', 'Descrição de um evento 4b3cf9c9c1f3418cb029165b6cf81d63', 1, '2020-06-30 18:52:53', 48, 43),
(79, '2020-06-30 18:52:53', 'Descrição de um evento 42a1eadea5ae4187b6724851b2f71591', 2, '2020-06-30 18:52:53', 35, 74),
(80, '2020-06-30 18:52:53', 'Descrição de um evento 4bd2a8249bb845c7abdef03e7b84ce11', 0, '2020-06-30 18:52:53', 7, 47),
(81, '2020-06-30 18:52:53', 'Descrição de um evento 1435a96c84e344328a3254c17f13eed7', 2, '2020-06-30 18:52:53', 0, 33),
(82, '2020-06-30 18:52:53', 'Descrição de um evento cece8d1afda74182b0f88e69f3570780', 2, '2020-06-30 18:52:53', 32, 81),
(83, '2020-06-30 18:52:53', 'Descrição de um evento a4d66338460f466bae5faf2319ff8072', 2, '2020-06-30 18:52:53', 14, 70),
(84, '2020-06-30 18:52:54', 'Descrição de um evento fbcbf301a18a40e38dfc0f4ba316e268', 1, '2020-06-30 18:52:54', 30, 1),
(85, '2020-06-30 18:52:54', 'Descrição de um evento c7894020d31f41bfb1b87af987fdd123', 2, '2020-06-30 18:52:54', 19, 16),
(86, '2020-06-30 18:52:54', 'Descrição de um evento 9fab870072514e1c9836c54f50f47a4a', 2, '2020-06-30 18:52:54', 23, 36),
(87, '2020-06-30 18:52:54', 'Descrição de um evento 18fe4c6ebffa401e8a0759881bdbfee5', 1, '2020-06-30 18:52:54', 1, 20),
(88, '2020-06-30 18:52:54', 'Descrição de um evento f36bc37dd28d41a7a326b1efab49a8ca', 0, '2020-06-30 18:52:54', 26, 3),
(89, '2020-06-30 18:52:54', 'Descrição de um evento eb0da7f19ee84f358e4bce87ec15a224', 1, '2020-06-30 18:52:54', 40, 27),
(90, '2020-06-30 18:52:54', 'Descrição de um evento c1cea307a0e14e8d9dbfb2b766450331', 0, '2020-06-30 18:52:54', 37, 15),
(91, '2020-06-30 18:52:54', 'Descrição de um evento 3db5a864318f4c70bd4abf8b3039503f', 0, '2020-06-30 18:52:54', 4, 66),
(92, '2020-06-30 18:52:54', 'Descrição de um evento 1df9d57a28de460bb5f7290aaf4a34da', 1, '2020-06-30 18:52:54', 49, 2),
(93, '2020-06-30 18:52:54', 'Descrição de um evento 456b5fbacba94baa9175afa5b94e47c3', 0, '2020-06-30 18:52:54', 3, 6),
(94, '2020-06-30 18:52:54', 'Descrição de um evento 7d1ac6cecb9f4ff59bb7246d74d2d3bb', 0, '2020-06-30 18:52:54', 1, 38),
(95, '2020-06-30 18:52:54', 'Descrição de um evento 7794a24af50149698186aa657ede53ac', 1, '2020-06-30 18:52:54', 26, 60),
(96, '2020-06-30 18:52:54', 'Descrição de um evento 3ab5e92741af4db3a8c8ba8cb8c937ce', 0, '2020-06-30 18:52:54', 5, 68),
(97, '2020-06-30 18:52:54', 'Descrição de um evento 3750fb1a8a0e4341890ea454c0e8e976', 0, '2020-06-30 18:52:54', 48, 33),
(98, '2020-06-30 18:52:54', 'Descrição de um evento e428072549e14c76acac375d1566adc1', 0, '2020-06-30 18:52:54', 35, 55),
(99, '2020-06-30 18:52:54', 'Descrição de um evento 0b75d07e8e3e4db29cad7da6d1dd0e46', 0, '2020-06-30 18:52:54', 9, 94),
(100, '2020-06-30 18:52:54', 'Descrição de um evento 673d26a335c24ac28f244612d7ed09fc', 2, '2020-06-30 18:52:54', 1, 89),
(101, '2020-06-30 18:52:54', 'Descrição de um evento a54b292a84be4c6fb49503cd276635bb', 2, '2020-06-30 18:52:54', 47, 22),
(102, '2020-06-30 18:52:54', 'Descrição de um evento dc005266690d41ff81ca5dcfd13600ac', 1, '2020-06-30 18:52:54', 39, 36),
(103, '2020-06-30 18:52:54', 'Descrição de um evento 819b7ddd6f584b279538847f6fef99c0', 1, '2020-06-30 18:52:54', 1, 22),
(104, '2020-06-30 18:52:54', 'Descrição de um evento a8e9a817533e4616b68883ef90c4a53d', 1, '2020-06-30 18:52:54', 22, 44),
(105, '2020-06-30 18:52:54', 'Descrição de um evento 1f8c297218f34e418d1a745bcb14a476', 2, '2020-06-30 18:52:54', 22, 56),
(106, '2020-06-30 18:52:54', 'Descrição de um evento d800f940500e419da732fe24d1d85c12', 0, '2020-06-30 18:52:54', 28, 8),
(107, '2020-06-30 18:52:54', 'Descrição de um evento 7349263027744a76a8f6f3ffa31cb3f6', 2, '2020-06-30 18:52:54', 39, 5),
(108, '2020-06-30 18:52:54', 'Descrição de um evento 0d8d113253df4fcd893526d898f5cfa1', 2, '2020-06-30 18:52:54', 7, 10),
(109, '2020-06-30 18:52:54', 'Descrição de um evento 23beb0f5ec1349ebb012b243060e4358', 2, '2020-06-30 18:52:54', 33, 54),
(110, '2020-06-30 18:52:54', 'Descrição de um evento e395d651d949478c8c5dc8daed03c7e5', 1, '2020-06-30 18:52:54', 30, 90),
(111, '2020-06-30 18:52:54', 'Descrição de um evento ae2d9c161d4649f1b137fecd0c87d2e9', 1, '2020-06-30 18:52:54', 14, 110),
(112, '2020-06-30 18:52:54', 'Descrição de um evento 5b0df4f2472b48b59389d0c99ccd3b7f', 0, '2020-06-30 18:52:54', 45, 8),
(113, '2020-06-30 18:52:54', 'Descrição de um evento df90fa376d004db8b671ba32ccb64fca', 2, '2020-06-30 18:52:54', 48, 107),
(114, '2020-06-30 18:52:54', 'Descrição de um evento e48bfb938a7e41ca96262e196618f297', 2, '2020-06-30 18:52:54', 27, 68),
(115, '2020-06-30 18:52:54', 'Descrição de um evento 02a41a36770441e68eecc361cb8a6ac3', 2, '2020-06-30 18:52:54', 19, 73),
(116, '2020-06-30 18:52:54', 'Descrição de um evento 66fe81f3da994a5bb92c07c3d14a8e42', 2, '2020-06-30 18:52:54', 48, 64),
(117, '2020-06-30 18:52:54', 'Descrição de um evento 94c88416593c49dc9715d159ba729330', 0, '2020-06-30 18:52:54', 0, 12),
(118, '2020-06-30 18:52:54', 'Descrição de um evento 407e454cb27b4f0bb4c208a4c9a8ff6f', 2, '2020-06-30 18:52:54', 9, 16),
(119, '2020-06-30 18:52:54', 'Descrição de um evento 204e44ea3a6c43bea3f14104ed0c4211', 1, '2020-06-30 18:52:54', 32, 29),
(120, '2020-06-30 18:52:54', 'Descrição de um evento df047032e55e44a9aec7682135a6c509', 2, '2020-06-30 18:52:54', 29, 12),
(121, '2020-06-30 18:52:54', 'Descrição de um evento 4b7474814aed4d3fb1ac0f0f04d88eaf', 1, '2020-06-30 18:52:54', 23, 27),
(122, '2020-06-30 18:52:54', 'Descrição de um evento 94b47febba1844d897eddd38bc2b41e1', 1, '2020-06-30 18:52:54', 17, 76),
(123, '2020-06-30 18:52:54', 'Descrição de um evento 9150937cc3094383a12a7d0182e95c9c', 0, '2020-06-30 18:52:54', 22, 55),
(124, '2020-06-30 18:52:54', 'Descrição de um evento 7296026526d04ea1bbdd693b4a5f835c', 0, '2020-06-30 18:52:54', 39, 100),
(125, '2020-06-30 18:52:54', 'Descrição de um evento 8629c653fa8e42368836d93a2ff6e0ec', 2, '2020-06-30 18:52:54', 18, 57),
(126, '2020-06-30 18:52:54', 'Descrição de um evento b64f95f5600a4163bda989cb94eb1d51', 2, '2020-06-30 18:52:54', 18, 2),
(127, '2020-06-30 18:52:54', 'Descrição de um evento 0bc096a507ff4da2b8b78af741b9d116', 0, '2020-06-30 18:52:54', 36, 41),
(128, '2020-06-30 18:52:54', 'Descrição de um evento e2fdcd9aa413403895ee974cfa572e8a', 1, '2020-06-30 18:52:54', 19, 26),
(129, '2020-06-30 18:52:54', 'Descrição de um evento c5ee4424b34447e4aad4c5cb3e34bc51', 1, '2020-06-30 18:52:54', 34, 35),
(130, '2020-06-30 18:52:54', 'Descrição de um evento 86a5f1ff02d54e05956edd6e1602b797', 0, '2020-06-30 18:52:54', 41, 73),
(131, '2020-06-30 18:52:54', 'Descrição de um evento adb5c531f4df412fbd85931568f4d8c9', 0, '2020-06-30 18:52:54', 14, 23),
(132, '2020-06-30 18:52:54', 'Descrição de um evento b7e836d801dc41038069ec0f594b32c0', 1, '2020-06-30 18:52:54', 40, 43),
(133, '2020-06-30 18:52:54', 'Descrição de um evento b625ddb333e54da69c5798a2b83e629b', 1, '2020-06-30 18:52:54', 24, 94),
(134, '2020-06-30 18:52:54', 'Descrição de um evento dfe4a8cce88b4b15ac2b4af393a9350b', 0, '2020-06-30 18:52:54', 36, 24),
(135, '2020-06-30 18:52:54', 'Descrição de um evento 91d74a85f2944d8f89fb588872f3a289', 2, '2020-06-30 18:52:54', 33, 12),
(136, '2020-06-30 18:52:54', 'Descrição de um evento bf04773e0c95448b9e04d45ff00e36bd', 1, '2020-06-30 18:52:54', 14, 126),
(137, '2020-06-30 18:52:54', 'Descrição de um evento 61f5784a7d4b4aa6ba169b92a601f6d2', 2, '2020-06-30 18:52:54', 20, 100),
(138, '2020-06-30 18:52:54', 'Descrição de um evento 86aa09b170f04a128bc2adcd52fe438f', 2, '2020-06-30 18:52:54', 47, 21),
(139, '2020-06-30 18:52:54', 'Descrição de um evento bcac17cc40d5421ca310f3ad0e2fb2c7', 1, '2020-06-30 18:52:54', 46, 121),
(140, '2020-06-30 18:52:54', 'Descrição de um evento ece60aeaf9a34b52b1dd44a6ba1b7461', 1, '2020-06-30 18:52:54', 36, 19),
(141, '2020-06-30 18:52:54', 'Descrição de um evento 0287957531e7448790e0522d79260ab8', 0, '2020-06-30 18:52:54', 32, 112),
(142, '2020-06-30 18:52:54', 'Descrição de um evento 7f1541b9ebaa4af3b64ff02d9d29925f', 0, '2020-06-30 18:52:54', 25, 70),
(143, '2020-06-30 18:52:54', 'Descrição de um evento 67d3c69ea2a84f3da2664ec0f324797b', 0, '2020-06-30 18:52:54', 29, 135),
(144, '2020-06-30 18:52:54', 'Descrição de um evento 7c539130a1a64c82a1d41493c45abffa', 1, '2020-06-30 18:52:54', 42, 36),
(145, '2020-06-30 18:52:54', 'Descrição de um evento 94dabf71aee845399af7f34c9175c34e', 2, '2020-06-30 18:52:54', 27, 115),
(146, '2020-06-30 18:52:54', 'Descrição de um evento 87dc44bebd9440869ba099d67d56038a', 1, '2020-06-30 18:52:54', 9, 27),
(147, '2020-06-30 18:52:54', 'Descrição de um evento 9770fd9938fa45caab60a315604c449c', 2, '2020-06-30 18:52:54', 14, 34),
(148, '2020-06-30 18:52:54', 'Descrição de um evento d3d4d6e7339046df95dbc0c67fdcbceb', 1, '2020-06-30 18:52:54', 33, 94),
(149, '2020-06-30 18:52:54', 'Descrição de um evento 3b8d53f0885e402ca6fcd7a7910a4a8a', 1, '2020-06-30 18:52:54', 1, 56),
(150, '2020-06-30 18:52:54', 'Descrição de um evento 9c4b0f757df04af59910ce3b22d8c7a9', 1, '2020-06-30 18:52:54', 32, 106),
(151, '2020-06-30 18:52:54', 'Descrição de um evento 5be6bca4248c4402823478034a0ec12d', 2, '2020-06-30 18:52:54', 13, 125),
(152, '2020-06-30 18:52:54', 'Descrição de um evento 119b7164b018486abd7a9aa2d0f6adb8', 0, '2020-06-30 18:52:54', 22, 15),
(153, '2020-06-30 18:52:54', 'Descrição de um evento c037909dde3e44b28fbe41c820f51433', 2, '2020-06-30 18:52:54', 14, 30),
(154, '2020-06-30 18:52:54', 'Descrição de um evento 57cbdfc59192432b8ca33d0cfead2994', 0, '2020-06-30 18:52:54', 18, 57),
(155, '2020-06-30 18:52:54', 'Descrição de um evento 45847a8ccafc47c6a6aae3cfcd1c2165', 2, '2020-06-30 18:52:54', 11, 57),
(156, '2020-06-30 18:52:54', 'Descrição de um evento 37c1103878da40008023c20f3c541969', 1, '2020-06-30 18:52:54', 18, 72),
(157, '2020-06-30 18:52:54', 'Descrição de um evento 52d8131c3ffd4886ab43d40381a7d3cf', 1, '2020-06-30 18:52:54', 35, 124),
(158, '2020-06-30 18:52:54', 'Descrição de um evento 7fffb6a6963944d7aa2c3907a4dd58e4', 0, '2020-06-30 18:52:54', 40, 74),
(159, '2020-06-30 18:52:54', 'Descrição de um evento d39d675ef66f4fb985b18ce53cc13569', 0, '2020-06-30 18:52:54', 20, 18),
(160, '2020-06-30 18:52:54', 'Descrição de um evento cb9099c2cc3442c9b7b725773a07cbe9', 2, '2020-06-30 18:52:54', 9, 147),
(161, '2020-06-30 18:52:54', 'Descrição de um evento dbaf5b813082487cb5271c659a343fbd', 0, '2020-06-30 18:52:54', 19, 95),
(162, '2020-06-30 18:52:54', 'Descrição de um evento 98ebb6484bd64f0eb219e12bd8bf3ea8', 2, '2020-06-30 18:52:54', 5, 16),
(163, '2020-06-30 18:52:54', 'Descrição de um evento 2a73deedb7004501a4ea580679fbcb9e', 1, '2020-06-30 18:52:54', 24, 98),
(164, '2020-06-30 18:52:54', 'Descrição de um evento 2424adf1b7b94f0aa4e2debfd63452b5', 0, '2020-06-30 18:52:54', 10, 160),
(165, '2020-06-30 18:52:54', 'Descrição de um evento 9da749c818f24b9e83726b4a6f6e9402', 0, '2020-06-30 18:52:54', 39, 54),
(166, '2020-06-30 18:52:54', 'Descrição de um evento 1a1b764d39ed470a9450e302c818c4a8', 0, '2020-06-30 18:52:54', 16, 117),
(167, '2020-06-30 18:52:54', 'Descrição de um evento 449e423f30ee43599b1e3ae65c7cb000', 2, '2020-06-30 18:52:54', 29, 56),
(168, '2020-06-30 18:52:54', 'Descrição de um evento e00c5bfc6de9414f88d051e9675b55f5', 0, '2020-06-30 18:52:54', 1, 83),
(169, '2020-06-30 18:52:54', 'Descrição de um evento 8730a1e442e5493b9124c7bc1e1dad1c', 1, '2020-06-30 18:52:54', 13, 40),
(170, '2020-06-30 18:52:54', 'Descrição de um evento 901ed6b4686440ca9027734dd6a0b78c', 0, '2020-06-30 18:52:54', 26, 97),
(171, '2020-06-30 18:52:54', 'Descrição de um evento d84b7ecda5dc4f86a6011dc02399b158', 0, '2020-06-30 18:52:54', 44, 66),
(172, '2020-06-30 18:52:54', 'Descrição de um evento 235f9889c21a4fdf88b9738e7074256e', 2, '2020-06-30 18:52:54', 26, 115),
(173, '2020-06-30 18:52:54', 'Descrição de um evento 8ab4aba5dc724f899843fdb281a080f0', 0, '2020-06-30 18:52:54', 0, 79),
(174, '2020-06-30 18:52:54', 'Descrição de um evento aaa01417cf3341cdaf24014ff2bcfabc', 0, '2020-06-30 18:52:54', 21, 65),
(175, '2020-06-30 18:52:54', 'Descrição de um evento e9c838b6fca34e6db23a5b1be4088ced', 1, '2020-06-30 18:52:54', 33, 173),
(176, '2020-06-30 18:52:54', 'Descrição de um evento c94e8fb8d1124915874ccc2b92ab51dd', 2, '2020-06-30 18:52:54', 46, 162),
(177, '2020-06-30 18:52:54', 'Descrição de um evento 75783e059a644bea9a2320b806790688', 1, '2020-06-30 18:52:54', 7, 109),
(178, '2020-06-30 18:52:54', 'Descrição de um evento e43ba1fae571497b96cf6fc82cb512e3', 0, '2020-06-30 18:52:54', 38, 156),
(179, '2020-06-30 18:52:54', 'Descrição de um evento 433dfbabfd9f45978d0d043021ba99f0', 0, '2020-06-30 18:52:54', 49, 121),
(180, '2020-06-30 18:52:54', 'Descrição de um evento 8e706ad82be7461f82c972c4ca088044', 2, '2020-06-30 18:52:54', 47, 142),
(181, '2020-06-30 18:52:54', 'Descrição de um evento 589e21a90fdf41edaa9d5639e74512dd', 0, '2020-06-30 18:52:54', 36, 115),
(182, '2020-06-30 18:52:54', 'Descrição de um evento 29419d1ef3ab4f1fa97021e86aed1318', 0, '2020-06-30 18:52:54', 27, 80),
(183, '2020-06-30 18:52:54', 'Descrição de um evento a7745d368e8e4954a6c7c20478f45951', 2, '2020-06-30 18:52:54', 37, 132),
(184, '2020-06-30 18:52:54', 'Descrição de um evento 23799e6be23f4f13823aec8952255d4a', 0, '2020-06-30 18:52:54', 4, 181),
(185, '2020-06-30 18:52:55', 'Descrição de um evento f8e5df12ac15487fac566cfa83d6720f', 1, '2020-06-30 18:52:55', 46, 132),
(186, '2020-06-30 18:52:55', 'Descrição de um evento 16f4355b8f8642138d1340d0090780e5', 0, '2020-06-30 18:52:55', 49, 129),
(187, '2020-06-30 18:52:55', 'Descrição de um evento 92e552ffb2d34dd195a1d3eb08c380e1', 1, '2020-06-30 18:52:55', 49, 4),
(188, '2020-06-30 18:52:55', 'Descrição de um evento 0462eaf1a68b4d469fafefa8829dffe4', 2, '2020-06-30 18:52:55', 21, 43),
(189, '2020-06-30 18:52:55', 'Descrição de um evento e0767a8749044cec8dc3cc0dc874b48b', 0, '2020-06-30 18:52:55', 33, 188),
(190, '2020-06-30 18:52:55', 'Descrição de um evento 9d6827817480424badbb662aab090602', 1, '2020-06-30 18:52:55', 18, 151),
(191, '2020-06-30 18:52:55', 'Descrição de um evento ec4e02cb220740a28e6f299c27d333ad', 1, '2020-06-30 18:52:55', 24, 92),
(192, '2020-06-30 18:52:55', 'Descrição de um evento f699b0b331f84fbebb760c5b9d731e11', 1, '2020-06-30 18:52:55', 46, 126),
(193, '2020-06-30 18:52:55', 'Descrição de um evento ba6776ccf18b4161ad69be652022fe32', 1, '2020-06-30 18:52:55', 27, 133),
(194, '2020-06-30 18:52:55', 'Descrição de um evento 1e080b65dda24b6e91b463615c4a72a5', 0, '2020-06-30 18:52:55', 11, 101),
(195, '2020-06-30 18:52:55', 'Descrição de um evento 2445e6960ab347169287937ac9252c4c', 1, '2020-06-30 18:52:55', 40, 187),
(196, '2020-06-30 18:52:55', 'Descrição de um evento ce481955134e4b158bf4154f6e4b19d4', 1, '2020-06-30 18:52:55', 18, 92),
(197, '2020-06-30 18:52:55', 'Descrição de um evento bbf71485c1034229ac216a6974c4681e', 0, '2020-06-30 18:52:55', 3, 177),
(198, '2020-06-30 18:52:55', 'Descrição de um evento ac83060b687e4236b7da9c6b5bd65e7c', 1, '2020-06-30 18:52:55', 11, 120),
(199, '2020-06-30 18:52:55', 'Descrição de um evento 2930f162dab64199bdd49779d93867bd', 2, '2020-06-30 18:52:55', 19, 91),
(200, '2020-06-30 18:52:55', 'Descrição de um evento 1daafdbcab28481ab19613b3bb5ea74f', 2, '2020-06-30 18:52:55', 21, 146);

-- --------------------------------------------------------

--
-- Estrutura da tabela `hibernate_sequence`
--

CREATE TABLE `hibernate_sequence` (
  `next_val` bigint(20) DEFAULT NULL
) ENGINE=MyISAM DEFAULT CHARSET=latin1;

--
-- Extraindo dados da tabela `hibernate_sequence`
--

INSERT INTO `hibernate_sequence` (`next_val`) VALUES
(201);

-- --------------------------------------------------------

--
-- Estrutura da tabela `log`
--

CREATE TABLE `log` (
  `id` bigint(20) NOT NULL,
  `created_at` datetime DEFAULT NULL,
  `description` varchar(250) NOT NULL,
  `events_id` bigint(20) DEFAULT NULL
) ENGINE=MyISAM DEFAULT CHARSET=latin1;

--
-- Extraindo dados da tabela `log`
--

INSERT INTO `log` (`id`, `created_at`, `description`, `events_id`) VALUES
(1, '2020-06-30 18:52:52', 'Descrição de um log de evento 9b74a89281244f86b8a4f3ceada070cd', 1),
(2, '2020-06-30 18:52:52', 'Descrição de um log de evento 9c6ed54b493f4794b29ee1ec7126d057', 2),
(3, '2020-06-30 18:52:52', 'Descrição de um log de evento 649a67bef1bb4712a12c8ddf787e7d77', 3),
(4, '2020-06-30 18:52:52', 'Descrição de um log de evento ce93775e220147adac6496c69684366a', 4),
(5, '2020-06-30 18:52:52', 'Descrição de um log de evento 2e457c472ff2420da307b24ad26fbacd', 5),
(6, '2020-06-30 18:52:52', 'Descrição de um log de evento eeaa21baf7824405aa5a51c99f265de4', 6),
(7, '2020-06-30 18:52:52', 'Descrição de um log de evento 59216b2d2394450dbf93976dcc9d6953', 7),
(8, '2020-06-30 18:52:53', 'Descrição de um log de evento 8f217c0ca3e44118a908980f70e36d2a', 8),
(9, '2020-06-30 18:52:53', 'Descrição de um log de evento f04f474d5db54a0091251eb62a177a5e', 9),
(10, '2020-06-30 18:52:53', 'Descrição de um log de evento 16c3f361cb4945908eaaf6e43b89fcbd', 10),
(11, '2020-06-30 18:52:53', 'Descrição de um log de evento e28185642a674701bdba3d06733ed891', 11),
(12, '2020-06-30 18:52:53', 'Descrição de um log de evento 0077506af5ab452fb1888bb95bb18eea', 12),
(13, '2020-06-30 18:52:53', 'Descrição de um log de evento 714993c3e14d4ec9b8494576b04e2380', 13),
(14, '2020-06-30 18:52:53', 'Descrição de um log de evento 29414f09a1d3446da671ac6dbc6aff9e', 14),
(15, '2020-06-30 18:52:53', 'Descrição de um log de evento f4644f709de547efb04422f6208b394b', 15),
(16, '2020-06-30 18:52:53', 'Descrição de um log de evento 3b25f1e15432431d974a9b739c7a81f1', 16),
(17, '2020-06-30 18:52:53', 'Descrição de um log de evento da03ebaa1135435c86911663b66f8c79', 17),
(18, '2020-06-30 18:52:53', 'Descrição de um log de evento 201eaf579607412cb8659825228b35b7', 18),
(19, '2020-06-30 18:52:53', 'Descrição de um log de evento 8a3fdab44cc647cfaae4aa040607458f', 19),
(20, '2020-06-30 18:52:53', 'Descrição de um log de evento 1059baa7069e44f4984670762bcf1cd5', 20),
(21, '2020-06-30 18:52:53', 'Descrição de um log de evento 761b88bac7224195bd841017c60faf91', 21),
(22, '2020-06-30 18:52:53', 'Descrição de um log de evento 4d7cfd95d6074028b4f13c7e893475dd', 22),
(23, '2020-06-30 18:52:53', 'Descrição de um log de evento d85208990e05451f949a633021c91125', 23),
(24, '2020-06-30 18:52:53', 'Descrição de um log de evento 8e59079e440248caa8962d7669d1401c', 24),
(25, '2020-06-30 18:52:53', 'Descrição de um log de evento 6319281e6d7a466590baa94edda8262f', 25),
(26, '2020-06-30 18:52:53', 'Descrição de um log de evento 322ccaa2408f48e78ce22219fddb7f2c', 26),
(27, '2020-06-30 18:52:53', 'Descrição de um log de evento 5b74b0c970404fc4b1d6507c466984d9', 27),
(28, '2020-06-30 18:52:53', 'Descrição de um log de evento 99331866cbe942ce93e5cc4af247f5c3', 28),
(29, '2020-06-30 18:52:53', 'Descrição de um log de evento 063b42cf80794355b25eb6f45d57747d', 29),
(30, '2020-06-30 18:52:53', 'Descrição de um log de evento 774d9e0d7e0e4233b150a2dd709b3221', 30),
(31, '2020-06-30 18:52:53', 'Descrição de um log de evento 83af85d48de54d50bcb0aa1fc6512dda', 31),
(32, '2020-06-30 18:52:53', 'Descrição de um log de evento 025455bf40f54f9bb7eb7c46eb6506e2', 32),
(33, '2020-06-30 18:52:53', 'Descrição de um log de evento 9e42e2afaa07430fba64661b59e89ab5', 33),
(34, '2020-06-30 18:52:53', 'Descrição de um log de evento a2e3848b43ef4f4a9b4d27dc4eeb246a', 34),
(35, '2020-06-30 18:52:53', 'Descrição de um log de evento 84b9f675e6154a7598270ca5fe9a86ea', 35),
(36, '2020-06-30 18:52:53', 'Descrição de um log de evento d1bf36d498904afb88e7d046285e3d13', 36),
(37, '2020-06-30 18:52:53', 'Descrição de um log de evento a6af72cab1f146e7a7b480a87bba59ee', 37),
(38, '2020-06-30 18:52:53', 'Descrição de um log de evento 4c67a7c1efb94bdaa5ecd1fb221e8c9e', 38),
(39, '2020-06-30 18:52:53', 'Descrição de um log de evento 69749245f9a24aeaa837fe2d2fc13221', 39),
(40, '2020-06-30 18:52:53', 'Descrição de um log de evento c52f4bebe6e7409b9397eb898b5a403a', 40),
(41, '2020-06-30 18:52:53', 'Descrição de um log de evento 2fb64b4ce905402db2289e9eaf9509bc', 41),
(42, '2020-06-30 18:52:53', 'Descrição de um log de evento af106bd29ffa4bd19fdf36405de133ad', 42),
(43, '2020-06-30 18:52:53', 'Descrição de um log de evento 6244cc9b959e4db0a2a79bdb52c079eb', 43),
(44, '2020-06-30 18:52:53', 'Descrição de um log de evento 4f9401b4dee547ddaf8ef00e3c684008', 44),
(45, '2020-06-30 18:52:53', 'Descrição de um log de evento 486b5ee84da54ad7981cbacb0a6af549', 45),
(46, '2020-06-30 18:52:53', 'Descrição de um log de evento 1187de5c6ccd4b0a94ae3889128def68', 46),
(47, '2020-06-30 18:52:53', 'Descrição de um log de evento 573eebd656f04d3eb798511aa79b3c60', 47),
(48, '2020-06-30 18:52:53', 'Descrição de um log de evento 040bc67a282e4adb882edc538bcefd8a', 48),
(49, '2020-06-30 18:52:53', 'Descrição de um log de evento 7c89213419bd488cb4ecdff22aa73dc0', 49),
(50, '2020-06-30 18:52:53', 'Descrição de um log de evento 98986c10a008433f87456d3566334af1', 50),
(51, '2020-06-30 18:52:53', 'Descrição de um log de evento 28b4439808824a368f1ca89fcd7311c7', 51),
(52, '2020-06-30 18:52:53', 'Descrição de um log de evento 6bc0e84eaed54338955cccc85f0bb4cd', 52),
(53, '2020-06-30 18:52:53', 'Descrição de um log de evento a8fd313505584100886d15f0b092975d', 53),
(54, '2020-06-30 18:52:53', 'Descrição de um log de evento 57542723d30543e09d5ae0babdc91cc4', 54),
(55, '2020-06-30 18:52:53', 'Descrição de um log de evento bce236599a474a959f273c6712a3d797', 55),
(56, '2020-06-30 18:52:53', 'Descrição de um log de evento d0746948a8a44fe5940035ae9f95f061', 56),
(57, '2020-06-30 18:52:53', 'Descrição de um log de evento 84841466e2734126991f8765b80bb161', 57),
(58, '2020-06-30 18:52:53', 'Descrição de um log de evento 36a668d186304d57b6b1081b93b05669', 58),
(59, '2020-06-30 18:52:53', 'Descrição de um log de evento 632cef4771724390b30141dc5e0b9bfa', 59),
(60, '2020-06-30 18:52:53', 'Descrição de um log de evento 4ce7c3683ef84f95a1b79577d076d488', 60),
(61, '2020-06-30 18:52:53', 'Descrição de um log de evento 49dbc041dfb4488daa3d06341f670ee9', 61),
(62, '2020-06-30 18:52:53', 'Descrição de um log de evento e6202cb732eb458d99b845993f91d8cb', 62),
(63, '2020-06-30 18:52:53', 'Descrição de um log de evento bcd4ba18205f4632a6d4aea8f0aeb953', 63),
(64, '2020-06-30 18:52:53', 'Descrição de um log de evento 5d094b79bf924607bd5e6b9f19124f3f', 64),
(65, '2020-06-30 18:52:53', 'Descrição de um log de evento 97a4cc3caeaf487ea4931df3bda7f8b8', 65),
(66, '2020-06-30 18:52:53', 'Descrição de um log de evento 8fef168af7284230b3259f3d1bded93a', 66),
(67, '2020-06-30 18:52:53', 'Descrição de um log de evento 9295af3be0364cb893a3cfdda38c0531', 67),
(68, '2020-06-30 18:52:53', 'Descrição de um log de evento a56bdb8a2486424fb522fc368f66fa78', 68),
(69, '2020-06-30 18:52:53', 'Descrição de um log de evento 30783f0310a84077873bf532933a6cc2', 69),
(70, '2020-06-30 18:52:53', 'Descrição de um log de evento 90229e5e207147b0a12152b679ce021b', 70),
(71, '2020-06-30 18:52:53', 'Descrição de um log de evento 5b6a60f4e1df43ae8a6c76190c9de531', 71),
(72, '2020-06-30 18:52:53', 'Descrição de um log de evento 12ba1534b9cc4429a4df3a23714b06ef', 72),
(73, '2020-06-30 18:52:53', 'Descrição de um log de evento 50542074cbd349468159901e498829d9', 73),
(74, '2020-06-30 18:52:53', 'Descrição de um log de evento 9934acb8a1864e9d9f89a5c1ced1c50a', 74),
(75, '2020-06-30 18:52:53', 'Descrição de um log de evento 710871a8bfbb411db22638113f48c84c', 75),
(76, '2020-06-30 18:52:53', 'Descrição de um log de evento 2bdbab8d2644432e933689c61200fbc3', 76),
(77, '2020-06-30 18:52:53', 'Descrição de um log de evento f400b46a480548c2aa0abd04b0299aa1', 77),
(78, '2020-06-30 18:52:53', 'Descrição de um log de evento 50f0465b71824cad94f7a3b26e9c08b5', 78),
(79, '2020-06-30 18:52:53', 'Descrição de um log de evento 0b34b73060bc4aa8ac79ec1bcc2993e5', 79),
(80, '2020-06-30 18:52:53', 'Descrição de um log de evento 7253f3bdec2f4be7b44c1a4819f58e29', 80),
(81, '2020-06-30 18:52:53', 'Descrição de um log de evento 5a6f5e598c4249eeafc55842cdf07e59', 81),
(82, '2020-06-30 18:52:53', 'Descrição de um log de evento 024b37d1b7114f2ba881a53a8a8b07fd', 82),
(83, '2020-06-30 18:52:53', 'Descrição de um log de evento 87dd60ee48a2444dabc360295e19aea1', 83),
(84, '2020-06-30 18:52:54', 'Descrição de um log de evento 569b60481105406883c4b433b58a7eab', 84),
(85, '2020-06-30 18:52:54', 'Descrição de um log de evento 7f06c9bcd36049baa687f3fa26bbed71', 85),
(86, '2020-06-30 18:52:54', 'Descrição de um log de evento e19d42eb15804c71a19582c83d95841c', 86),
(87, '2020-06-30 18:52:54', 'Descrição de um log de evento f0cd014bb114486ab3d243ec660dcea8', 87),
(88, '2020-06-30 18:52:54', 'Descrição de um log de evento 56426deb0c8f445c9a9e4b91aaba7bcc', 88),
(89, '2020-06-30 18:52:54', 'Descrição de um log de evento 15b8e7b0eafc49ef97ad8702def389e0', 89),
(90, '2020-06-30 18:52:54', 'Descrição de um log de evento e1703537c27e4c22b92c81c01724b298', 90),
(91, '2020-06-30 18:52:54', 'Descrição de um log de evento bc4ef36d2f704e8a8673397043a0c909', 91),
(92, '2020-06-30 18:52:54', 'Descrição de um log de evento 71438fd4c6a44bd4a93d5cba4c7c956b', 92),
(93, '2020-06-30 18:52:54', 'Descrição de um log de evento c751a94ba57046a5b333aa9c32490755', 93),
(94, '2020-06-30 18:52:54', 'Descrição de um log de evento 673649193bdb4dc0af584e55ccc43e81', 94),
(95, '2020-06-30 18:52:54', 'Descrição de um log de evento 436bd740f7b54342ab36add89b78bc78', 95),
(96, '2020-06-30 18:52:54', 'Descrição de um log de evento ba01de001d4442b181e095fd6425eded', 96),
(97, '2020-06-30 18:52:54', 'Descrição de um log de evento fcea714f35784e35a572184f507e8bb4', 97),
(98, '2020-06-30 18:52:54', 'Descrição de um log de evento db113a7f54b04b30976a09c1826393b5', 98),
(99, '2020-06-30 18:52:54', 'Descrição de um log de evento 415bf26f72394d04b36e6a66aadac412', 99),
(100, '2020-06-30 18:52:54', 'Descrição de um log de evento faf1ab44ca6a42628d880bb97926b0e6', 100),
(101, '2020-06-30 18:52:54', 'Descrição de um log de evento f6b98fc4868a4b148fec124b43c3dbf8', 101),
(102, '2020-06-30 18:52:54', 'Descrição de um log de evento 22bf134003e446c0be2a5bd149cb0a48', 102),
(103, '2020-06-30 18:52:54', 'Descrição de um log de evento 7f3ceb20949247e096868bc4a6850a73', 103),
(104, '2020-06-30 18:52:54', 'Descrição de um log de evento f203f743b3264cb695513a954593f886', 104),
(105, '2020-06-30 18:52:54', 'Descrição de um log de evento 26dd2a97bd274bd4a10da341ccc34db5', 105),
(106, '2020-06-30 18:52:54', 'Descrição de um log de evento 7bc7f007111241eaa7910e1806d53d0b', 106),
(107, '2020-06-30 18:52:54', 'Descrição de um log de evento 119048e5be744f83ba87cb203d6d5be9', 107),
(108, '2020-06-30 18:52:54', 'Descrição de um log de evento b089b4f02c2d4616a0dafcae114db67a', 108),
(109, '2020-06-30 18:52:54', 'Descrição de um log de evento e56e9b2e52ed4da4ad88288027aafcbc', 109),
(110, '2020-06-30 18:52:54', 'Descrição de um log de evento c4bafbf0f47e4c98ba18cab52996f445', 110),
(111, '2020-06-30 18:52:54', 'Descrição de um log de evento 290aa23097c44f1e9e9051bdaaa023b1', 111),
(112, '2020-06-30 18:52:54', 'Descrição de um log de evento 148f318295314530bbd3b80dfa52b850', 112),
(113, '2020-06-30 18:52:54', 'Descrição de um log de evento 67da1a03fd6c43099030efd1304c5324', 113),
(114, '2020-06-30 18:52:54', 'Descrição de um log de evento e6c83a2997ad4fc389cfbaa3ef205c04', 114),
(115, '2020-06-30 18:52:54', 'Descrição de um log de evento e783c45832894edbba155c33935549f6', 115),
(116, '2020-06-30 18:52:54', 'Descrição de um log de evento f6f789968faf410192f3cd3ba6ee5796', 116),
(117, '2020-06-30 18:52:54', 'Descrição de um log de evento 750e3349c4864f51a3a41bf450c6171e', 117),
(118, '2020-06-30 18:52:54', 'Descrição de um log de evento 0c38029616a64dbcb0ed8b908d95e4ea', 118),
(119, '2020-06-30 18:52:54', 'Descrição de um log de evento abaae6dc9b5a42dda3c18dada3039230', 119),
(120, '2020-06-30 18:52:54', 'Descrição de um log de evento dad0a719b1754044ade95340ce468764', 120),
(121, '2020-06-30 18:52:54', 'Descrição de um log de evento bec320c3bc5f42dda2e5aef8226f6710', 121),
(122, '2020-06-30 18:52:54', 'Descrição de um log de evento ea7a19c05731464d80518885cbc5a2b5', 122),
(123, '2020-06-30 18:52:54', 'Descrição de um log de evento 3c0666a97b754ec0a1fee38b76cbd3a6', 123),
(124, '2020-06-30 18:52:54', 'Descrição de um log de evento 7626b3c0c19d432cbdb1e24f2c93b1c9', 124),
(125, '2020-06-30 18:52:54', 'Descrição de um log de evento 4642568820d1471f98a7331bb942d259', 125),
(126, '2020-06-30 18:52:54', 'Descrição de um log de evento 81fb143ff9ee453283a4161e49c353fd', 126),
(127, '2020-06-30 18:52:54', 'Descrição de um log de evento 577eb3e138ca46b096d0c169959ddea7', 127),
(128, '2020-06-30 18:52:54', 'Descrição de um log de evento adbd9ef16e924c08ac501f3a365e4c91', 128),
(129, '2020-06-30 18:52:54', 'Descrição de um log de evento 2163f2d1806f4719b9544cd407b09102', 129),
(130, '2020-06-30 18:52:54', 'Descrição de um log de evento a9bb064cedf943bfa9025c3cb38bb0d7', 130),
(131, '2020-06-30 18:52:54', 'Descrição de um log de evento a328284b4cc44e42840ad4354dcd1f09', 131),
(132, '2020-06-30 18:52:54', 'Descrição de um log de evento cdcdf3f533e64e8789e611f1411da435', 132),
(133, '2020-06-30 18:52:54', 'Descrição de um log de evento 8af0a57803a04fcd896d9418bfe03849', 133),
(134, '2020-06-30 18:52:54', 'Descrição de um log de evento 0e2054ac295b4579a737f2b3860cc885', 134),
(135, '2020-06-30 18:52:54', 'Descrição de um log de evento df23f3b6b93b4ddcbcc1bdd2d4906bd9', 135),
(136, '2020-06-30 18:52:54', 'Descrição de um log de evento c63fc97f7fc74be19648baec7c5e409b', 136),
(137, '2020-06-30 18:52:54', 'Descrição de um log de evento 2e556ef3d38644b28fca7596d2f75dab', 137),
(138, '2020-06-30 18:52:54', 'Descrição de um log de evento 4e755c59d6b441fda5714f4630ef0d0a', 138),
(139, '2020-06-30 18:52:54', 'Descrição de um log de evento 98973f4ad02543a6970d43c28c6346e9', 139),
(140, '2020-06-30 18:52:54', 'Descrição de um log de evento c02a61ce24ed407c9da5efbca0de8ed0', 140),
(141, '2020-06-30 18:52:54', 'Descrição de um log de evento 6e05a55ebb6f41eebf5af1bb5083133c', 141),
(142, '2020-06-30 18:52:54', 'Descrição de um log de evento 66f2e8d875834660bea8f748a6ef26aa', 142),
(143, '2020-06-30 18:52:54', 'Descrição de um log de evento 20df3e07e36847c999f31f3ba103d1ac', 143),
(144, '2020-06-30 18:52:54', 'Descrição de um log de evento d2e21990892d49bb9b151e9fed66b66a', 144),
(145, '2020-06-30 18:52:54', 'Descrição de um log de evento d5bf3b325acb4b0db2d778b70d670911', 145),
(146, '2020-06-30 18:52:54', 'Descrição de um log de evento 04ff5c7dfa7444e1966978ac1ca673e5', 146),
(147, '2020-06-30 18:52:54', 'Descrição de um log de evento 5212d879e4e543538be26d771ec51fa0', 147),
(148, '2020-06-30 18:52:54', 'Descrição de um log de evento 4cc24d824ac540d7a894476ed9692897', 148),
(149, '2020-06-30 18:52:54', 'Descrição de um log de evento c3cd7c07c2664d95ad67cc047269b46c', 149),
(150, '2020-06-30 18:52:54', 'Descrição de um log de evento f97703c909714f319be7f3a1e038f0b9', 150),
(151, '2020-06-30 18:52:54', 'Descrição de um log de evento 9189924ef7ee4613803dd7a12cbe3fb9', 151),
(152, '2020-06-30 18:52:54', 'Descrição de um log de evento ebd1cae7a244493f91d7fed9d08d7f27', 152),
(153, '2020-06-30 18:52:54', 'Descrição de um log de evento d16429e9a7384af9bc48b46761f2c1c8', 153),
(154, '2020-06-30 18:52:54', 'Descrição de um log de evento 650b4ea8b3ee473f862c28b26cb3ae4e', 154),
(155, '2020-06-30 18:52:54', 'Descrição de um log de evento 8ccc51c3211345ebbf43141a2a5cc8b5', 155),
(156, '2020-06-30 18:52:54', 'Descrição de um log de evento 30612c4c7bf04efdbd6deaf793d03f8a', 156),
(157, '2020-06-30 18:52:54', 'Descrição de um log de evento d5f547de35504f0ba9d3c1598337080d', 157),
(158, '2020-06-30 18:52:54', 'Descrição de um log de evento 46109459142b481687d8abc6a3c9316e', 158),
(159, '2020-06-30 18:52:54', 'Descrição de um log de evento 1ea8b1f3ba1b4a00a788a2a7ebc4abed', 159),
(160, '2020-06-30 18:52:54', 'Descrição de um log de evento 538058feece549a396610f7999db0601', 160),
(161, '2020-06-30 18:52:54', 'Descrição de um log de evento 08a9649ed5bc48e9846a8d1137acfe2b', 161),
(162, '2020-06-30 18:52:54', 'Descrição de um log de evento 6f3c3755f2cb46168cc5a19b50a4f4ad', 162),
(163, '2020-06-30 18:52:54', 'Descrição de um log de evento b1e7ee3fc8c740c6b49dc369c6e0587b', 163),
(164, '2020-06-30 18:52:54', 'Descrição de um log de evento 189e277a8d0e4d00b2df6a22f83ee590', 164),
(165, '2020-06-30 18:52:54', 'Descrição de um log de evento b7f95ee0093d4f30bba920a23cc91f97', 165),
(166, '2020-06-30 18:52:54', 'Descrição de um log de evento 1aa5b515fb444b0d830e243f63e46fe6', 166),
(167, '2020-06-30 18:52:54', 'Descrição de um log de evento 858006e4da5c4852b61b88ef371b4452', 167),
(168, '2020-06-30 18:52:54', 'Descrição de um log de evento d38a7a403dc6446ebf5836368a423d3a', 168),
(169, '2020-06-30 18:52:54', 'Descrição de um log de evento db973f8702a84c5dbc553854c63d3b8d', 169),
(170, '2020-06-30 18:52:54', 'Descrição de um log de evento 25e4e38352ab493a8a94dcea2188d99b', 170),
(171, '2020-06-30 18:52:54', 'Descrição de um log de evento 3a98f00685fb402daee8d505ff5ad568', 171),
(172, '2020-06-30 18:52:54', 'Descrição de um log de evento 5746ef07d1584d3a9795a91ffa02bfee', 172),
(173, '2020-06-30 18:52:54', 'Descrição de um log de evento 2bd01f09d6f74c40bb52aac2783e75aa', 173),
(174, '2020-06-30 18:52:54', 'Descrição de um log de evento dc9af7d469b647fe98b52e4bb310b993', 174),
(175, '2020-06-30 18:52:54', 'Descrição de um log de evento 64ff4b426d7a447291e34ab5ae2df989', 175),
(176, '2020-06-30 18:52:54', 'Descrição de um log de evento aa973e065b264f52bd5f564e2ac9cf4f', 176),
(177, '2020-06-30 18:52:54', 'Descrição de um log de evento f00be7a96d644dbaacd3b6089761125c', 177),
(178, '2020-06-30 18:52:54', 'Descrição de um log de evento e84c0d827fef4b4cb86e1fdd9ecced54', 178),
(179, '2020-06-30 18:52:54', 'Descrição de um log de evento 019d709f7fff4c5ca48b1d4434665ec4', 179),
(180, '2020-06-30 18:52:54', 'Descrição de um log de evento 5fbd744c005140b080f48245d1d51b6d', 180),
(181, '2020-06-30 18:52:54', 'Descrição de um log de evento 3e505161874442d09ebd82df23aa018c', 181),
(182, '2020-06-30 18:52:54', 'Descrição de um log de evento cb33731ae34749c8848713930d550edc', 182),
(183, '2020-06-30 18:52:54', 'Descrição de um log de evento 2e2a618b8af549c988bb5c63b9a13094', 183),
(184, '2020-06-30 18:52:54', 'Descrição de um log de evento d48ea0f40cba4afa89a71c20c8328284', 184),
(185, '2020-06-30 18:52:55', 'Descrição de um log de evento a4846a4a28ec42ecbc5e2fc25315662a', 185),
(186, '2020-06-30 18:52:55', 'Descrição de um log de evento 657088a6ddae48c395c6fda855009442', 186),
(187, '2020-06-30 18:52:55', 'Descrição de um log de evento cc851c26fafe4c4ea1c32b10ad68dabc', 187),
(188, '2020-06-30 18:52:55', 'Descrição de um log de evento 699d85815fc84b5c83362a82a258d1db', 188),
(189, '2020-06-30 18:52:55', 'Descrição de um log de evento 97a284ed5ed946a58801724a9ac9ab63', 189),
(190, '2020-06-30 18:52:55', 'Descrição de um log de evento da8a373fd36c4502a73caf996c5e0426', 190),
(191, '2020-06-30 18:52:55', 'Descrição de um log de evento d39045eea94e4d87867367700281b47d', 191),
(192, '2020-06-30 18:52:55', 'Descrição de um log de evento 04ba7ac1750f4b7caf5546d2f8a0eca0', 192),
(193, '2020-06-30 18:52:55', 'Descrição de um log de evento d9f11768f22f4111915c9a99c81f1e67', 193),
(194, '2020-06-30 18:52:55', 'Descrição de um log de evento c15823d6c31048ac9b30818949407d43', 194),
(195, '2020-06-30 18:52:55', 'Descrição de um log de evento 5ddd3eb51ec548f99bd6746309207238', 195),
(196, '2020-06-30 18:52:55', 'Descrição de um log de evento d6bd2366b85043f2abf8c44acbb60dd2', 196),
(197, '2020-06-30 18:52:55', 'Descrição de um log de evento ac1d109a98354f548ec2c29259c5111c', 197),
(198, '2020-06-30 18:52:55', 'Descrição de um log de evento cd125ca59ddd44f9b0f6c48f57a5e5fc', 198),
(199, '2020-06-30 18:52:55', 'Descrição de um log de evento 6158611d7e7c43dea50b92fddce163a7', 199),
(200, '2020-06-30 18:52:55', 'Descrição de um log de evento 5ace5111e1bb4ed5a7b68c6ce7dd2bfa', 200);

-- --------------------------------------------------------

--
-- Estrutura da tabela `origins`
--

CREATE TABLE `origins` (
  `id` bigint(20) NOT NULL,
  `active` bit(1) DEFAULT NULL,
  `created_at` datetime DEFAULT NULL,
  `description` varchar(250) NOT NULL,
  `name` varchar(120) NOT NULL,
  `origin_key` varchar(60) DEFAULT NULL,
  `password` varchar(20) DEFAULT NULL
) ENGINE=MyISAM DEFAULT CHARSET=latin1;

--
-- Extraindo dados da tabela `origins`
--

INSERT INTO `origins` (`id`, `active`, `created_at`, `description`, `name`, `origin_key`, `password`) VALUES
(1, b'1111111111111111111111111111111', '2020-06-30 18:52:52', 'Descrição do Sistema 0', 'Nome do Sistema 0', '9b29905ff8244a4eab65cba92fc2c3d5', '123456'),
(2, b'1111111111111111111111111111111', '2020-06-30 18:52:52', 'Descrição do Serviço 1', 'Nome do Servico 1', 'bb125aa975f14aaf930514b852198d70', '123456'),
(3, b'1111111111111111111111111111111', '2020-06-30 18:52:52', 'Descrição do Sistema 2', 'Nome do Sistema 2', '7878bfc7e33440ed96cb96b404686237', '123456'),
(4, b'1111111111111111111111111111111', '2020-06-30 18:52:52', 'Descrição do Sistema 3', 'Nome do Sistema 3', '96b6602d307141c3aca8822ca2794216', '123456'),
(5, b'1111111111111111111111111111111', '2020-06-30 18:52:52', 'Descrição do Serviço 4', 'Nome do Servico 4', '16247a35961446fd9949de0f4e2f5eef', '123456'),
(6, b'1111111111111111111111111111111', '2020-06-30 18:52:52', 'Descrição do Sistema 5', 'Nome do Sistema 5', '7024391e36564fb884773a561b0a137b', '123456'),
(7, b'1111111111111111111111111111111', '2020-06-30 18:52:52', 'Descrição do Serviço 6', 'Nome do Servico 6', 'bcff2522c0c443d5bdf10e951323bbda', '123456'),
(8, b'1111111111111111111111111111111', '2020-06-30 18:52:53', 'Descrição do Serviço 7', 'Nome do Servico 7', '63d9994661904afa86d6ee47de7f0f74', '123456'),
(9, b'1111111111111111111111111111111', '2020-06-30 18:52:53', 'Descrição do Sistema 8', 'Nome do Sistema 8', '746148a05eac4df18250c748437e55d3', '123456'),
(10, b'1111111111111111111111111111111', '2020-06-30 18:52:53', 'Descrição do Sistema 9', 'Nome do Sistema 9', 'd1056968451742249dcec5bd43f20123', '123456'),
(11, b'1111111111111111111111111111111', '2020-06-30 18:52:53', 'Descrição do Sistema 10', 'Nome do Sistema 10', 'c380852e64d644ebb8c886be7b48dec2', '123456'),
(12, b'1111111111111111111111111111111', '2020-06-30 18:52:53', 'Descrição do Serviço 11', 'Nome do Servico 11', '4e0b64f0bf6f49d7a00f6bd55427f169', '123456'),
(13, b'1111111111111111111111111111111', '2020-06-30 18:52:53', 'Descrição do Sistema 12', 'Nome do Sistema 12', '9347df5a37d14b908cdaf1f78712179c', '123456'),
(14, b'1111111111111111111111111111111', '2020-06-30 18:52:53', 'Descrição do Sistema 13', 'Nome do Sistema 13', '1aef029c28024b03a7e47e03a30931cb', '123456'),
(15, b'1111111111111111111111111111111', '2020-06-30 18:52:53', 'Descrição do Sistema 14', 'Nome do Sistema 14', '2d4c3b41419e41c3850cf66958be7ae8', '123456'),
(16, b'1111111111111111111111111111111', '2020-06-30 18:52:53', 'Descrição do Serviço 15', 'Nome do Servico 15', '0639046418ec46a699c0b6b1cba0ae3f', '123456'),
(17, b'1111111111111111111111111111111', '2020-06-30 18:52:53', 'Descrição do Serviço 16', 'Nome do Servico 16', '695cc17e6f01466aa898363bf3c86a08', '123456'),
(18, b'1111111111111111111111111111111', '2020-06-30 18:52:53', 'Descrição do Sistema 17', 'Nome do Sistema 17', '2ab988c8faad4365aa091ad73b1ffa06', '123456'),
(19, b'1111111111111111111111111111111', '2020-06-30 18:52:53', 'Descrição do Sistema 18', 'Nome do Sistema 18', '4ad0ab8923e7460bb54d11bc5894cfed', '123456'),
(20, b'1111111111111111111111111111111', '2020-06-30 18:52:53', 'Descrição do Serviço 19', 'Nome do Servico 19', '0a4ee8ea52034204bcb6b14efaab5339', '123456'),
(21, b'1111111111111111111111111111111', '2020-06-30 18:52:53', 'Descrição do Sistema 20', 'Nome do Sistema 20', 'b4593568b8f94c2ea8ce3db057633369', '123456'),
(22, b'1111111111111111111111111111111', '2020-06-30 18:52:53', 'Descrição do Serviço 21', 'Nome do Servico 21', '5c6e9e156f1c4f59b6f6e3fa237e10ea', '123456'),
(23, b'1111111111111111111111111111111', '2020-06-30 18:52:53', 'Descrição do Serviço 22', 'Nome do Servico 22', 'a5a1508835394e259d8c43483b3af243', '123456'),
(24, b'1111111111111111111111111111111', '2020-06-30 18:52:53', 'Descrição do Serviço 23', 'Nome do Servico 23', '5ac38b08a3524c299d5e7294d7a308d9', '123456'),
(25, b'1111111111111111111111111111111', '2020-06-30 18:52:53', 'Descrição do Serviço 24', 'Nome do Servico 24', '7460a985199644db947637f29450aada', '123456'),
(26, b'1111111111111111111111111111111', '2020-06-30 18:52:53', 'Descrição do Serviço 25', 'Nome do Servico 25', '8b37a4a8c2ca4768b6554dda7cf0bdf0', '123456'),
(27, b'1111111111111111111111111111111', '2020-06-30 18:52:53', 'Descrição do Sistema 26', 'Nome do Sistema 26', '5ac56a8f73b04e7e9b55f286493a35a2', '123456'),
(28, b'1111111111111111111111111111111', '2020-06-30 18:52:53', 'Descrição do Serviço 27', 'Nome do Servico 27', 'ffcc9a6baee844f8a470399af6938fe0', '123456'),
(29, b'1111111111111111111111111111111', '2020-06-30 18:52:53', 'Descrição do Sistema 28', 'Nome do Sistema 28', '1deb73c620e8439ca67cb5828e841f68', '123456'),
(30, b'1111111111111111111111111111111', '2020-06-30 18:52:53', 'Descrição do Serviço 29', 'Nome do Servico 29', '826c30feee9b4132a86f1116d10bbe1e', '123456'),
(31, b'1111111111111111111111111111111', '2020-06-30 18:52:53', 'Descrição do Sistema 30', 'Nome do Sistema 30', 'acfb9c2768c6421890dfad5651789b23', '123456'),
(32, b'1111111111111111111111111111111', '2020-06-30 18:52:53', 'Descrição do Sistema 31', 'Nome do Sistema 31', 'ad2e7a5f4bb041438f10d98cac3ca2eb', '123456'),
(33, b'1111111111111111111111111111111', '2020-06-30 18:52:53', 'Descrição do Serviço 32', 'Nome do Servico 32', '4dce945c23e84cfe8f24efa2fbf7820d', '123456'),
(34, b'1111111111111111111111111111111', '2020-06-30 18:52:53', 'Descrição do Sistema 33', 'Nome do Sistema 33', '60d4978e5466478d8d043ca5a9c27fa7', '123456'),
(35, b'1111111111111111111111111111111', '2020-06-30 18:52:53', 'Descrição do Serviço 34', 'Nome do Servico 34', '7cd593ed4c4e4a21ab0004b0669b761f', '123456'),
(36, b'1111111111111111111111111111111', '2020-06-30 18:52:53', 'Descrição do Serviço 35', 'Nome do Servico 35', '43e5bafbd1c04e2d82ef3a12c75cacca', '123456'),
(37, b'1111111111111111111111111111111', '2020-06-30 18:52:53', 'Descrição do Serviço 36', 'Nome do Servico 36', 'be80b04db91d4e959d7a6ed8bd045118', '123456'),
(38, b'1111111111111111111111111111111', '2020-06-30 18:52:53', 'Descrição do Sistema 37', 'Nome do Sistema 37', '91357885284642838164c90e8be3d403', '123456'),
(39, b'1111111111111111111111111111111', '2020-06-30 18:52:53', 'Descrição do Serviço 38', 'Nome do Servico 38', '3894a1de91204e6b8f30d195b089230d', '123456'),
(40, b'1111111111111111111111111111111', '2020-06-30 18:52:53', 'Descrição do Serviço 39', 'Nome do Servico 39', '5b4c24d51079497e822de5eeb32e1f62', '123456'),
(41, b'1111111111111111111111111111111', '2020-06-30 18:52:53', 'Descrição do Serviço 40', 'Nome do Servico 40', 'cf67625fa1b643be8e1c8e320910f26f', '123456'),
(42, b'1111111111111111111111111111111', '2020-06-30 18:52:53', 'Descrição do Sistema 41', 'Nome do Sistema 41', '895ea179452c43ae92233d33d369a5b9', '123456'),
(43, b'1111111111111111111111111111111', '2020-06-30 18:52:53', 'Descrição do Serviço 42', 'Nome do Servico 42', 'be0c7777f10e4dae8728068bf9b84d80', '123456'),
(44, b'1111111111111111111111111111111', '2020-06-30 18:52:53', 'Descrição do Sistema 43', 'Nome do Sistema 43', 'aaa177a842ee4e27b61a754426cec2e1', '123456'),
(45, b'1111111111111111111111111111111', '2020-06-30 18:52:53', 'Descrição do Serviço 44', 'Nome do Servico 44', '8fb5dc45bea345789d9e26420cfdc7e1', '123456'),
(46, b'1111111111111111111111111111111', '2020-06-30 18:52:53', 'Descrição do Serviço 45', 'Nome do Servico 45', 'fe06f34c6aa9406dbad41dd48b57a79c', '123456'),
(47, b'1111111111111111111111111111111', '2020-06-30 18:52:53', 'Descrição do Sistema 46', 'Nome do Sistema 46', 'c4c86f0ddd73428cbbe9b5de7c7a2398', '123456'),
(48, b'1111111111111111111111111111111', '2020-06-30 18:52:53', 'Descrição do Serviço 47', 'Nome do Servico 47', 'b04b6a099edd4b169cc2354f72d35ca8', '123456'),
(49, b'1111111111111111111111111111111', '2020-06-30 18:52:53', 'Descrição do Sistema 48', 'Nome do Sistema 48', '5937fd12cf034f2e9183f9fa012a44de', '123456'),
(50, b'1111111111111111111111111111111', '2020-06-30 18:52:53', 'Descrição do Serviço 49', 'Nome do Servico 49', '7de33cfeba9f4d4a986f28e98f079d5a', '123456'),
(51, b'1111111111111111111111111111111', '2020-06-30 18:52:53', 'Descrição do Serviço 50', 'Nome do Servico 50', '8710a895b56e4bc3a18a4fb28a892dfb', '123456'),
(52, b'1111111111111111111111111111111', '2020-06-30 18:52:53', 'Descrição do Serviço 51', 'Nome do Servico 51', '9550d7a69f06497f9c827960b3c9b68a', '123456'),
(53, b'1111111111111111111111111111111', '2020-06-30 18:52:53', 'Descrição do Serviço 52', 'Nome do Servico 52', 'f0363879b901476792d8bd94d79f1d22', '123456'),
(54, b'1111111111111111111111111111111', '2020-06-30 18:52:53', 'Descrição do Serviço 53', 'Nome do Servico 53', 'a51e4aa1a50e4e50ad6a8b9905051489', '123456'),
(55, b'1111111111111111111111111111111', '2020-06-30 18:52:53', 'Descrição do Serviço 54', 'Nome do Servico 54', '44a26b3e4e7f4a26a57437aaaddb0ffb', '123456'),
(56, b'1111111111111111111111111111111', '2020-06-30 18:52:53', 'Descrição do Serviço 55', 'Nome do Servico 55', 'd1fbd4eab90547eb8958a718b9cf956f', '123456'),
(57, b'1111111111111111111111111111111', '2020-06-30 18:52:53', 'Descrição do Serviço 56', 'Nome do Servico 56', '567106dbbb78457fb0ee2226bfcb37d8', '123456'),
(58, b'1111111111111111111111111111111', '2020-06-30 18:52:53', 'Descrição do Sistema 57', 'Nome do Sistema 57', 'e30bb9b2c4da4837a77de7c61f2c2a1a', '123456'),
(59, b'1111111111111111111111111111111', '2020-06-30 18:52:53', 'Descrição do Sistema 58', 'Nome do Sistema 58', '11669bfa8e574f6ba0a4eacc196d39c1', '123456'),
(60, b'1111111111111111111111111111111', '2020-06-30 18:52:53', 'Descrição do Serviço 59', 'Nome do Servico 59', '07ee04b54e76439492d4fc1e15625b09', '123456'),
(61, b'1111111111111111111111111111111', '2020-06-30 18:52:53', 'Descrição do Sistema 60', 'Nome do Sistema 60', 'f2839184abc844c79ff24b5a20f4a5e7', '123456'),
(62, b'1111111111111111111111111111111', '2020-06-30 18:52:53', 'Descrição do Sistema 61', 'Nome do Sistema 61', 'e766a18f8780481fa2c8aa1676ebc4ee', '123456'),
(63, b'1111111111111111111111111111111', '2020-06-30 18:52:53', 'Descrição do Sistema 62', 'Nome do Sistema 62', '5c7b236072af48058be8c8433bfadeb7', '123456'),
(64, b'1111111111111111111111111111111', '2020-06-30 18:52:53', 'Descrição do Sistema 63', 'Nome do Sistema 63', 'e1315dc7ff45486097bda23aa4dd499a', '123456'),
(65, b'1111111111111111111111111111111', '2020-06-30 18:52:53', 'Descrição do Sistema 64', 'Nome do Sistema 64', '7c51576c4e07400d855d837cf9403653', '123456'),
(66, b'1111111111111111111111111111111', '2020-06-30 18:52:53', 'Descrição do Serviço 65', 'Nome do Servico 65', '0679968afa1741739d668c50424bbc0f', '123456'),
(67, b'1111111111111111111111111111111', '2020-06-30 18:52:53', 'Descrição do Sistema 66', 'Nome do Sistema 66', '924b413cca07411486176da2a70eba47', '123456'),
(68, b'1111111111111111111111111111111', '2020-06-30 18:52:53', 'Descrição do Serviço 67', 'Nome do Servico 67', 'f1e0056113a04013abf4b51109565848', '123456'),
(69, b'1111111111111111111111111111111', '2020-06-30 18:52:53', 'Descrição do Sistema 68', 'Nome do Sistema 68', '6f6eb9483f1545f18c93c5a6d9af8ee1', '123456'),
(70, b'1111111111111111111111111111111', '2020-06-30 18:52:53', 'Descrição do Serviço 69', 'Nome do Servico 69', 'a4d2aa33951c4e39ac699bec62018666', '123456'),
(71, b'1111111111111111111111111111111', '2020-06-30 18:52:53', 'Descrição do Sistema 70', 'Nome do Sistema 70', '8d938507fa8644c7ad6c6ff50526ea31', '123456'),
(72, b'1111111111111111111111111111111', '2020-06-30 18:52:53', 'Descrição do Serviço 71', 'Nome do Servico 71', 'abeebdd230324a418e73f89fccbf0908', '123456'),
(73, b'1111111111111111111111111111111', '2020-06-30 18:52:53', 'Descrição do Sistema 72', 'Nome do Sistema 72', '14e2fdf03d114921b34fa7d4302527c8', '123456'),
(74, b'1111111111111111111111111111111', '2020-06-30 18:52:53', 'Descrição do Sistema 73', 'Nome do Sistema 73', 'fb18f1c58b6642c093246223b462e689', '123456'),
(75, b'1111111111111111111111111111111', '2020-06-30 18:52:53', 'Descrição do Serviço 74', 'Nome do Servico 74', 'bb84d60bab454e059779b279b3e4ea9d', '123456'),
(76, b'1111111111111111111111111111111', '2020-06-30 18:52:53', 'Descrição do Serviço 75', 'Nome do Servico 75', '0a7a4e0be5bc4f8c9eae6605b8cee0eb', '123456'),
(77, b'1111111111111111111111111111111', '2020-06-30 18:52:53', 'Descrição do Serviço 76', 'Nome do Servico 76', '376100e2e71745bfb4e364871cacce20', '123456'),
(78, b'1111111111111111111111111111111', '2020-06-30 18:52:53', 'Descrição do Serviço 77', 'Nome do Servico 77', '03f7f4add2cc4060b15f30ea8033ff94', '123456'),
(79, b'1111111111111111111111111111111', '2020-06-30 18:52:53', 'Descrição do Sistema 78', 'Nome do Sistema 78', 'b3f659ff9c6f4fa7a11bb4b2efcb20c2', '123456'),
(80, b'1111111111111111111111111111111', '2020-06-30 18:52:53', 'Descrição do Serviço 79', 'Nome do Servico 79', '71f530727b9d433294650304b3fab093', '123456'),
(81, b'1111111111111111111111111111111', '2020-06-30 18:52:53', 'Descrição do Sistema 80', 'Nome do Sistema 80', 'fa02df1e41664396ba060e43601c166f', '123456'),
(82, b'1111111111111111111111111111111', '2020-06-30 18:52:53', 'Descrição do Serviço 81', 'Nome do Servico 81', 'd5fa99522b584a2aa982ba84800de07f', '123456'),
(83, b'1111111111111111111111111111111', '2020-06-30 18:52:53', 'Descrição do Sistema 82', 'Nome do Sistema 82', '055c588c897d44dc8f98f03ba3dc41c7', '123456'),
(84, b'1111111111111111111111111111111', '2020-06-30 18:52:53', 'Descrição do Serviço 83', 'Nome do Servico 83', '4ed5442028974888a592425f992dcdcb', '123456'),
(85, b'1111111111111111111111111111111', '2020-06-30 18:52:54', 'Descrição do Sistema 84', 'Nome do Sistema 84', '0a0b2512e1524d56ae021f3d0d72abde', '123456'),
(86, b'1111111111111111111111111111111', '2020-06-30 18:52:54', 'Descrição do Sistema 85', 'Nome do Sistema 85', '41d7c3acb7944266acf50594034eade0', '123456'),
(87, b'1111111111111111111111111111111', '2020-06-30 18:52:54', 'Descrição do Sistema 86', 'Nome do Sistema 86', '0092b4d2be74437299703810ef1337fe', '123456'),
(88, b'1111111111111111111111111111111', '2020-06-30 18:52:54', 'Descrição do Sistema 87', 'Nome do Sistema 87', 'c5f325715394462ea57db905cba65ccb', '123456'),
(89, b'1111111111111111111111111111111', '2020-06-30 18:52:54', 'Descrição do Sistema 88', 'Nome do Sistema 88', 'da2d45c7f2c14481b6a580f8a768cea2', '123456'),
(90, b'1111111111111111111111111111111', '2020-06-30 18:52:54', 'Descrição do Sistema 89', 'Nome do Sistema 89', '0d61ed5a40df4eb891114334f5250c65', '123456'),
(91, b'1111111111111111111111111111111', '2020-06-30 18:52:54', 'Descrição do Serviço 90', 'Nome do Servico 90', 'bae6b7a162a74155a9ab5cfa04f272f3', '123456'),
(92, b'1111111111111111111111111111111', '2020-06-30 18:52:54', 'Descrição do Serviço 91', 'Nome do Servico 91', '5b5c29bbc6004e4690853123e1f1fd64', '123456'),
(93, b'1111111111111111111111111111111', '2020-06-30 18:52:54', 'Descrição do Sistema 92', 'Nome do Sistema 92', 'b8e1442667c54f3c95a77f64656c98d0', '123456'),
(94, b'1111111111111111111111111111111', '2020-06-30 18:52:54', 'Descrição do Serviço 93', 'Nome do Servico 93', '72bfbf13d4034d3c9f76db5ec9bb8ffd', '123456'),
(95, b'1111111111111111111111111111111', '2020-06-30 18:52:54', 'Descrição do Serviço 94', 'Nome do Servico 94', '51831474f58d4d4abeec6be091f2ee2d', '123456'),
(96, b'1111111111111111111111111111111', '2020-06-30 18:52:54', 'Descrição do Sistema 95', 'Nome do Sistema 95', '49458da23c5d437094d005b151293f67', '123456'),
(97, b'1111111111111111111111111111111', '2020-06-30 18:52:54', 'Descrição do Sistema 96', 'Nome do Sistema 96', '8a40eb1f0a9d4ad380f3877326869ff4', '123456'),
(98, b'1111111111111111111111111111111', '2020-06-30 18:52:54', 'Descrição do Serviço 97', 'Nome do Servico 97', '93709fbd431c464e8b17ce4dbf9c3d82', '123456'),
(99, b'1111111111111111111111111111111', '2020-06-30 18:52:54', 'Descrição do Sistema 98', 'Nome do Sistema 98', 'f96c75f81261490bb8be7b5f0ebcddf9', '123456'),
(100, b'1111111111111111111111111111111', '2020-06-30 18:52:54', 'Descrição do Serviço 99', 'Nome do Servico 99', 'fc0c13ac35b545dba31285aca9af73c6', '123456'),
(101, b'1111111111111111111111111111111', '2020-06-30 18:52:54', 'Descrição do Serviço 100', 'Nome do Servico 100', '54b29755f3ac4be3a7484b79456c1283', '123456'),
(102, b'1111111111111111111111111111111', '2020-06-30 18:52:54', 'Descrição do Serviço 101', 'Nome do Servico 101', 'e85a724715044cacb370e6035ee32007', '123456'),
(103, b'1111111111111111111111111111111', '2020-06-30 18:52:54', 'Descrição do Serviço 102', 'Nome do Servico 102', '51d974557bbf4880b0f17010fccdac04', '123456'),
(104, b'1111111111111111111111111111111', '2020-06-30 18:52:54', 'Descrição do Sistema 103', 'Nome do Sistema 103', '15be4f7d969e444ba8c749617d4c50c1', '123456'),
(105, b'1111111111111111111111111111111', '2020-06-30 18:52:54', 'Descrição do Serviço 104', 'Nome do Servico 104', '0c25acf04b0847eb8f79f250fb74be6b', '123456'),
(106, b'1111111111111111111111111111111', '2020-06-30 18:52:54', 'Descrição do Sistema 105', 'Nome do Sistema 105', '1065cadb12d34a75a7650372153a54fd', '123456'),
(107, b'1111111111111111111111111111111', '2020-06-30 18:52:54', 'Descrição do Sistema 106', 'Nome do Sistema 106', '38643ed00a024ae5a1386aabadfc7f67', '123456'),
(108, b'1111111111111111111111111111111', '2020-06-30 18:52:54', 'Descrição do Serviço 107', 'Nome do Servico 107', '7a9e1a4bc99f4235ba8c6e096401aa1b', '123456'),
(109, b'1111111111111111111111111111111', '2020-06-30 18:52:54', 'Descrição do Sistema 108', 'Nome do Sistema 108', '5ca006483a0641ff856e6fed3a56ad53', '123456'),
(110, b'1111111111111111111111111111111', '2020-06-30 18:52:54', 'Descrição do Serviço 109', 'Nome do Servico 109', '97376b2a2b7e45bdb74b03d6df1f4b36', '123456'),
(111, b'1111111111111111111111111111111', '2020-06-30 18:52:54', 'Descrição do Serviço 110', 'Nome do Servico 110', '1f1182f774434c45a38246cd246908e9', '123456'),
(112, b'1111111111111111111111111111111', '2020-06-30 18:52:54', 'Descrição do Sistema 111', 'Nome do Sistema 111', '4917dba89022491bb24c1b2b9da7e85b', '123456'),
(113, b'1111111111111111111111111111111', '2020-06-30 18:52:54', 'Descrição do Serviço 112', 'Nome do Servico 112', '7baa93b4714142eeafac5198a2387a0e', '123456'),
(114, b'1111111111111111111111111111111', '2020-06-30 18:52:54', 'Descrição do Sistema 113', 'Nome do Sistema 113', '1bbf294963ed48ddbc7d557a497e0fc5', '123456'),
(115, b'1111111111111111111111111111111', '2020-06-30 18:52:54', 'Descrição do Sistema 114', 'Nome do Sistema 114', '314badeb593e41e2925396ba3a424f38', '123456'),
(116, b'1111111111111111111111111111111', '2020-06-30 18:52:54', 'Descrição do Serviço 115', 'Nome do Servico 115', 'bcb3104d6ead457c9fd42a18deed0095', '123456'),
(117, b'1111111111111111111111111111111', '2020-06-30 18:52:54', 'Descrição do Sistema 116', 'Nome do Sistema 116', 'b94c35d078cf41b1aff8600e6b12907c', '123456'),
(118, b'1111111111111111111111111111111', '2020-06-30 18:52:54', 'Descrição do Serviço 117', 'Nome do Servico 117', 'e45467b60c8b473689b12ed6cd4a76f7', '123456'),
(119, b'1111111111111111111111111111111', '2020-06-30 18:52:54', 'Descrição do Sistema 118', 'Nome do Sistema 118', '45f1e9f54dae4f63b6766635c21e51e3', '123456'),
(120, b'1111111111111111111111111111111', '2020-06-30 18:52:54', 'Descrição do Sistema 119', 'Nome do Sistema 119', '89453ec5970f479b8d7029c07a96fcb6', '123456'),
(121, b'1111111111111111111111111111111', '2020-06-30 18:52:54', 'Descrição do Serviço 120', 'Nome do Servico 120', '1e248dc380a24b439249903562613714', '123456'),
(122, b'1111111111111111111111111111111', '2020-06-30 18:52:54', 'Descrição do Serviço 121', 'Nome do Servico 121', 'b34754d85d8f465dbf9d62bc9cc33648', '123456'),
(123, b'1111111111111111111111111111111', '2020-06-30 18:52:54', 'Descrição do Serviço 122', 'Nome do Servico 122', 'ebdf5c638b8e4a3f80ac3eb6c219a2d9', '123456'),
(124, b'1111111111111111111111111111111', '2020-06-30 18:52:54', 'Descrição do Sistema 123', 'Nome do Sistema 123', '8364a98b379841568e1c1403a27aed1b', '123456'),
(125, b'1111111111111111111111111111111', '2020-06-30 18:52:54', 'Descrição do Serviço 124', 'Nome do Servico 124', '9ccf1540b7a64f7cb422e4fa485bc6dd', '123456'),
(126, b'1111111111111111111111111111111', '2020-06-30 18:52:54', 'Descrição do Serviço 125', 'Nome do Servico 125', '983e7a59dc7c46f7afdaca5c5d13e4c8', '123456'),
(127, b'1111111111111111111111111111111', '2020-06-30 18:52:54', 'Descrição do Serviço 126', 'Nome do Servico 126', '8dedddc09a8e47e5b10df29a67eb5480', '123456'),
(128, b'1111111111111111111111111111111', '2020-06-30 18:52:54', 'Descrição do Serviço 127', 'Nome do Servico 127', '0f9c9633f01f4e42b35d84f812ee92cc', '123456'),
(129, b'1111111111111111111111111111111', '2020-06-30 18:52:54', 'Descrição do Serviço 128', 'Nome do Servico 128', '2bcd9744467f4c57bb67f8b53426c5ec', '123456'),
(130, b'1111111111111111111111111111111', '2020-06-30 18:52:54', 'Descrição do Serviço 129', 'Nome do Servico 129', '0157c8a1a40a4d9d90183693ca56ff01', '123456'),
(131, b'1111111111111111111111111111111', '2020-06-30 18:52:54', 'Descrição do Serviço 130', 'Nome do Servico 130', '23eb6a2fbe3240a1a1cac477aac4ecdf', '123456'),
(132, b'1111111111111111111111111111111', '2020-06-30 18:52:54', 'Descrição do Sistema 131', 'Nome do Sistema 131', '17c6dcdde52f4393afe3fbe3eea9fed1', '123456'),
(133, b'1111111111111111111111111111111', '2020-06-30 18:52:54', 'Descrição do Sistema 132', 'Nome do Sistema 132', 'f4661e274efa4622852444fa70c02163', '123456'),
(134, b'1111111111111111111111111111111', '2020-06-30 18:52:54', 'Descrição do Sistema 133', 'Nome do Sistema 133', 'd4836cb910d545dd8d094217f04f6bb3', '123456'),
(135, b'1111111111111111111111111111111', '2020-06-30 18:52:54', 'Descrição do Serviço 134', 'Nome do Servico 134', '9cedec9af9214a66b589b42997ed5152', '123456'),
(136, b'1111111111111111111111111111111', '2020-06-30 18:52:54', 'Descrição do Serviço 135', 'Nome do Servico 135', 'a7857f7f38be43a6b9f20960c2afebed', '123456'),
(137, b'1111111111111111111111111111111', '2020-06-30 18:52:54', 'Descrição do Serviço 136', 'Nome do Servico 136', '7418048c5c274eed8f1df31a2d76f77f', '123456'),
(138, b'1111111111111111111111111111111', '2020-06-30 18:52:54', 'Descrição do Serviço 137', 'Nome do Servico 137', 'fbae2251780c40eaa13e4bc49fc98110', '123456'),
(139, b'1111111111111111111111111111111', '2020-06-30 18:52:54', 'Descrição do Serviço 138', 'Nome do Servico 138', 'cf7aa603808d421a8ef98f761ad97ba9', '123456'),
(140, b'1111111111111111111111111111111', '2020-06-30 18:52:54', 'Descrição do Sistema 139', 'Nome do Sistema 139', 'd738f929b64b4170a6a506b6115eada6', '123456'),
(141, b'1111111111111111111111111111111', '2020-06-30 18:52:54', 'Descrição do Serviço 140', 'Nome do Servico 140', '8c242cd0984547859b026cb009fd9790', '123456'),
(142, b'1111111111111111111111111111111', '2020-06-30 18:52:54', 'Descrição do Serviço 141', 'Nome do Servico 141', '12de7a0228bc4b23a2c89a683f07ef9c', '123456'),
(143, b'1111111111111111111111111111111', '2020-06-30 18:52:54', 'Descrição do Sistema 142', 'Nome do Sistema 142', '4efff7b01f344d9280af8f6580cdf79b', '123456'),
(144, b'1111111111111111111111111111111', '2020-06-30 18:52:54', 'Descrição do Serviço 143', 'Nome do Servico 143', 'f49c760cdde84b6a9b8ce5bd6b5d46b1', '123456'),
(145, b'1111111111111111111111111111111', '2020-06-30 18:52:54', 'Descrição do Serviço 144', 'Nome do Servico 144', '27234995e134488dbedc859c22bdf925', '123456'),
(146, b'1111111111111111111111111111111', '2020-06-30 18:52:54', 'Descrição do Sistema 145', 'Nome do Sistema 145', '72e872be63dd4ff0a86a0af01597a738', '123456'),
(147, b'1111111111111111111111111111111', '2020-06-30 18:52:54', 'Descrição do Sistema 146', 'Nome do Sistema 146', '91c8b33c9bda472c8668e756d6929834', '123456'),
(148, b'1111111111111111111111111111111', '2020-06-30 18:52:54', 'Descrição do Serviço 147', 'Nome do Servico 147', '616054ebaccf4c86bb89a656ccbfcb4f', '123456'),
(149, b'1111111111111111111111111111111', '2020-06-30 18:52:54', 'Descrição do Serviço 148', 'Nome do Servico 148', 'f2bcea19baa148de94f87b26a8bafd26', '123456'),
(150, b'1111111111111111111111111111111', '2020-06-30 18:52:54', 'Descrição do Sistema 149', 'Nome do Sistema 149', '616d2a6055414d57a1dbd6863291e06f', '123456'),
(151, b'1111111111111111111111111111111', '2020-06-30 18:52:54', 'Descrição do Sistema 150', 'Nome do Sistema 150', 'f95021dfc0c044789f72184bd8f5633b', '123456'),
(152, b'1111111111111111111111111111111', '2020-06-30 18:52:54', 'Descrição do Sistema 151', 'Nome do Sistema 151', '2d5a941884904d1a97007a6b3dbb7627', '123456'),
(153, b'1111111111111111111111111111111', '2020-06-30 18:52:54', 'Descrição do Sistema 152', 'Nome do Sistema 152', '8425d589f6d341b1b08ca9a8958427ee', '123456'),
(154, b'1111111111111111111111111111111', '2020-06-30 18:52:54', 'Descrição do Serviço 153', 'Nome do Servico 153', 'c017837107134bb3948f77afce04b3e3', '123456'),
(155, b'1111111111111111111111111111111', '2020-06-30 18:52:54', 'Descrição do Serviço 154', 'Nome do Servico 154', 'b7d56434aca04e5e8c29f33a956dc4c7', '123456'),
(156, b'1111111111111111111111111111111', '2020-06-30 18:52:54', 'Descrição do Sistema 155', 'Nome do Sistema 155', '2579724f23e74edf969df45aa11e8295', '123456'),
(157, b'1111111111111111111111111111111', '2020-06-30 18:52:54', 'Descrição do Sistema 156', 'Nome do Sistema 156', 'f8647fcf916846c7940801ec6ea4164b', '123456'),
(158, b'1111111111111111111111111111111', '2020-06-30 18:52:54', 'Descrição do Sistema 157', 'Nome do Sistema 157', 'bb412c90430f434d992b39f3c48ba4ef', '123456'),
(159, b'1111111111111111111111111111111', '2020-06-30 18:52:54', 'Descrição do Serviço 158', 'Nome do Servico 158', '158c969132d24f63b8269c1780b53fbe', '123456'),
(160, b'1111111111111111111111111111111', '2020-06-30 18:52:54', 'Descrição do Serviço 159', 'Nome do Servico 159', 'e0de2e18fbdb430dbd26514da46ade70', '123456'),
(161, b'1111111111111111111111111111111', '2020-06-30 18:52:54', 'Descrição do Sistema 160', 'Nome do Sistema 160', 'eeca1c00eb664899b54e3ff659e14165', '123456'),
(162, b'1111111111111111111111111111111', '2020-06-30 18:52:54', 'Descrição do Sistema 161', 'Nome do Sistema 161', '98ecd9f8200246118808de37840a9422', '123456'),
(163, b'1111111111111111111111111111111', '2020-06-30 18:52:54', 'Descrição do Sistema 162', 'Nome do Sistema 162', '005b574adf2b4d29889f4a95a28e0c37', '123456'),
(164, b'1111111111111111111111111111111', '2020-06-30 18:52:54', 'Descrição do Sistema 163', 'Nome do Sistema 163', '414c16b24636489b9f7c778c01386279', '123456'),
(165, b'1111111111111111111111111111111', '2020-06-30 18:52:54', 'Descrição do Sistema 164', 'Nome do Sistema 164', '519f0776d52b4963bcb57fea28c20c6d', '123456'),
(166, b'1111111111111111111111111111111', '2020-06-30 18:52:54', 'Descrição do Sistema 165', 'Nome do Sistema 165', 'b0022395419f4c12b46d6508a24e4fcc', '123456'),
(167, b'1111111111111111111111111111111', '2020-06-30 18:52:54', 'Descrição do Serviço 166', 'Nome do Servico 166', '00a8196a11814c849758ebf82614b4ed', '123456'),
(168, b'1111111111111111111111111111111', '2020-06-30 18:52:54', 'Descrição do Sistema 167', 'Nome do Sistema 167', '124de5fd942947109d22e6a5fcb1aa66', '123456'),
(169, b'1111111111111111111111111111111', '2020-06-30 18:52:54', 'Descrição do Sistema 168', 'Nome do Sistema 168', '6e53240099b74869aba031d75dc66518', '123456'),
(170, b'1111111111111111111111111111111', '2020-06-30 18:52:54', 'Descrição do Sistema 169', 'Nome do Sistema 169', 'af9a9504d13046109274201577d36aaf', '123456'),
(171, b'1111111111111111111111111111111', '2020-06-30 18:52:54', 'Descrição do Serviço 170', 'Nome do Servico 170', 'f8b020b9b350430a9680ac2f87b0660f', '123456'),
(172, b'1111111111111111111111111111111', '2020-06-30 18:52:54', 'Descrição do Sistema 171', 'Nome do Sistema 171', '88f162cfd4da42f4a11a0b98c1c1bca6', '123456'),
(173, b'1111111111111111111111111111111', '2020-06-30 18:52:54', 'Descrição do Serviço 172', 'Nome do Servico 172', '6b901aef80b74b44be71b8622af2e680', '123456'),
(174, b'1111111111111111111111111111111', '2020-06-30 18:52:54', 'Descrição do Sistema 173', 'Nome do Sistema 173', 'e4c418b5ad3342ffbe3e905e1270d03f', '123456'),
(175, b'1111111111111111111111111111111', '2020-06-30 18:52:54', 'Descrição do Sistema 174', 'Nome do Sistema 174', 'f95683833351448688ca2fabfe709b3c', '123456'),
(176, b'1111111111111111111111111111111', '2020-06-30 18:52:54', 'Descrição do Sistema 175', 'Nome do Sistema 175', 'cac93ceb1aa74875ab7de218bd2226d7', '123456'),
(177, b'1111111111111111111111111111111', '2020-06-30 18:52:54', 'Descrição do Sistema 176', 'Nome do Sistema 176', '0f9649d4de7944489d4a50cab786ffb0', '123456'),
(178, b'1111111111111111111111111111111', '2020-06-30 18:52:54', 'Descrição do Serviço 177', 'Nome do Servico 177', 'c2f24ae65a434613a570f33a90b40b46', '123456'),
(179, b'1111111111111111111111111111111', '2020-06-30 18:52:54', 'Descrição do Sistema 178', 'Nome do Sistema 178', '9c3d562756e44ede8b7faf0c2681a500', '123456'),
(180, b'1111111111111111111111111111111', '2020-06-30 18:52:54', 'Descrição do Serviço 179', 'Nome do Servico 179', '86bfefc930b4415e898d729de168d24b', '123456'),
(181, b'1111111111111111111111111111111', '2020-06-30 18:52:54', 'Descrição do Sistema 180', 'Nome do Sistema 180', 'fb4a1dd7be464d19a23742e64fc15d92', '123456'),
(182, b'1111111111111111111111111111111', '2020-06-30 18:52:54', 'Descrição do Sistema 181', 'Nome do Sistema 181', '3ee0f795e41d498e9c7a2320c15205f5', '123456'),
(183, b'1111111111111111111111111111111', '2020-06-30 18:52:54', 'Descrição do Serviço 182', 'Nome do Servico 182', 'e0e670b193094ae5b61455dcf3c4616d', '123456'),
(184, b'1111111111111111111111111111111', '2020-06-30 18:52:54', 'Descrição do Sistema 183', 'Nome do Sistema 183', '95cd92d9276f4812baaef402fbbba094', '123456'),
(185, b'1111111111111111111111111111111', '2020-06-30 18:52:55', 'Descrição do Sistema 184', 'Nome do Sistema 184', '66322862b9ec4259bd6721148d5d6251', '123456'),
(186, b'1111111111111111111111111111111', '2020-06-30 18:52:55', 'Descrição do Serviço 185', 'Nome do Servico 185', 'ead3c6cef2e346c881dff27619b98316', '123456'),
(187, b'1111111111111111111111111111111', '2020-06-30 18:52:55', 'Descrição do Serviço 186', 'Nome do Servico 186', 'e7e0afecc1034736ad4e4c2736e2ee12', '123456'),
(188, b'1111111111111111111111111111111', '2020-06-30 18:52:55', 'Descrição do Sistema 187', 'Nome do Sistema 187', 'd162d15d1c724a5dbc9537a0bdd3df77', '123456'),
(189, b'1111111111111111111111111111111', '2020-06-30 18:52:55', 'Descrição do Sistema 188', 'Nome do Sistema 188', '8e23e8bc60bd4ce7a28608e8230674ee', '123456'),
(190, b'1111111111111111111111111111111', '2020-06-30 18:52:55', 'Descrição do Serviço 189', 'Nome do Servico 189', '11233b600b26409f83e2d98bbe0c1279', '123456'),
(191, b'1111111111111111111111111111111', '2020-06-30 18:52:55', 'Descrição do Serviço 190', 'Nome do Servico 190', 'd6c34843f0cb4d6dbe7cd8e898662344', '123456'),
(192, b'1111111111111111111111111111111', '2020-06-30 18:52:55', 'Descrição do Serviço 191', 'Nome do Servico 191', '75b5f981418040a78f9a9eca6c37f6aa', '123456'),
(193, b'1111111111111111111111111111111', '2020-06-30 18:52:55', 'Descrição do Serviço 192', 'Nome do Servico 192', '02e25cf5e9f54e068173c2d6e43e15a6', '123456'),
(194, b'1111111111111111111111111111111', '2020-06-30 18:52:55', 'Descrição do Sistema 193', 'Nome do Sistema 193', '6037770b83074462ac8f6c99f3126090', '123456'),
(195, b'1111111111111111111111111111111', '2020-06-30 18:52:55', 'Descrição do Serviço 194', 'Nome do Servico 194', '5ebf33c294fd47bebd5994548fa2f720', '123456'),
(196, b'1111111111111111111111111111111', '2020-06-30 18:52:55', 'Descrição do Serviço 195', 'Nome do Servico 195', '7fa013536e7e4170a9728ca3567f41b8', '123456'),
(197, b'1111111111111111111111111111111', '2020-06-30 18:52:55', 'Descrição do Serviço 196', 'Nome do Servico 196', '53c90711e936434dac1d0f621f1c4901', '123456'),
(198, b'1111111111111111111111111111111', '2020-06-30 18:52:55', 'Descrição do Serviço 197', 'Nome do Servico 197', 'ecc441587e54466cb5031eb18f3e96b0', '123456'),
(199, b'1111111111111111111111111111111', '2020-06-30 18:52:55', 'Descrição do Serviço 198', 'Nome do Servico 198', 'a2d9da10919043e0ba95390c64f32e9b', '123456'),
(200, b'1111111111111111111111111111111', '2020-06-30 18:52:55', 'Descrição do Sistema 199', 'Nome do Sistema 199', '9a1a337f3ac1477d86382be2f341fb99', '123456');

-- --------------------------------------------------------

--
-- Estrutura da tabela `origins_grants`
--

CREATE TABLE `origins_grants` (
  `origins_id` bigint(20) NOT NULL,
  `grants` int(11) DEFAULT NULL
) ENGINE=MyISAM DEFAULT CHARSET=latin1;

--
-- Extraindo dados da tabela `origins_grants`
--

INSERT INTO `origins_grants` (`origins_id`, `grants`) VALUES
(1, 0),
(2, 0),
(3, 0),
(4, 0),
(5, 0),
(6, 0),
(7, 0),
(8, 0),
(9, 0),
(10, 0),
(11, 0),
(12, 0),
(13, 0),
(14, 0),
(15, 0),
(16, 0),
(17, 0),
(18, 0),
(19, 0),
(20, 0),
(21, 0),
(22, 0),
(23, 0),
(24, 0),
(25, 0),
(26, 0),
(27, 0),
(28, 0),
(29, 0),
(30, 0),
(31, 0),
(32, 0),
(33, 0),
(34, 0),
(35, 0),
(36, 0),
(37, 0),
(38, 0),
(39, 0),
(40, 0),
(41, 0),
(42, 0),
(43, 0),
(44, 0),
(45, 0),
(46, 0),
(47, 0),
(48, 0),
(49, 0),
(50, 0),
(51, 0),
(52, 0),
(53, 0),
(54, 0),
(55, 0),
(56, 0),
(57, 0),
(58, 0),
(59, 0),
(60, 0),
(61, 0),
(62, 0),
(63, 0),
(64, 0),
(65, 0),
(66, 0),
(67, 0),
(68, 0),
(69, 0),
(70, 0),
(71, 0),
(72, 0),
(73, 0),
(74, 0),
(75, 0),
(76, 0),
(77, 0),
(78, 0),
(79, 0),
(80, 0),
(81, 0),
(82, 0),
(83, 0),
(84, 0),
(85, 0),
(86, 0),
(87, 0),
(88, 0),
(89, 0),
(90, 0),
(91, 0),
(92, 0),
(93, 0),
(94, 0),
(95, 0),
(96, 0),
(97, 0),
(98, 0),
(99, 0),
(100, 0),
(101, 0),
(102, 0),
(103, 0),
(104, 0),
(105, 0),
(106, 0),
(107, 0),
(108, 0),
(109, 0),
(110, 0),
(111, 0),
(112, 0),
(113, 0),
(114, 0),
(115, 0),
(116, 0),
(117, 0),
(118, 0),
(119, 0),
(120, 0),
(121, 0),
(122, 0),
(123, 0),
(124, 0),
(125, 0),
(126, 0),
(127, 0),
(128, 0),
(129, 0),
(130, 0),
(131, 0),
(132, 0),
(133, 0),
(134, 0),
(135, 0),
(136, 0),
(137, 0),
(138, 0),
(139, 0),
(140, 0),
(141, 0),
(142, 0),
(143, 0),
(144, 0),
(145, 0),
(146, 0),
(147, 0),
(148, 0),
(149, 0),
(150, 0),
(151, 0),
(152, 0),
(153, 0),
(154, 0),
(155, 0),
(156, 0),
(157, 0),
(158, 0),
(159, 0),
(160, 0),
(161, 0),
(162, 0),
(163, 0),
(164, 0),
(165, 0),
(166, 0),
(167, 0),
(168, 0),
(169, 0),
(170, 0),
(171, 0),
(172, 0),
(173, 0),
(174, 0),
(175, 0),
(176, 0),
(177, 0),
(178, 0),
(179, 0),
(180, 0),
(181, 0),
(182, 0),
(183, 0),
(184, 0),
(185, 0),
(186, 0),
(187, 0),
(188, 0),
(189, 0),
(190, 0),
(191, 0),
(192, 0),
(193, 0),
(194, 0),
(195, 0),
(196, 0),
(197, 0),
(198, 0),
(199, 0),
(200, 0);

-- --------------------------------------------------------

--
-- Estrutura da tabela `origin_user`
--

CREATE TABLE `origin_user` (
  `user_id` bigint(20) NOT NULL,
  `origins_id` bigint(20) NOT NULL
) ENGINE=MyISAM DEFAULT CHARSET=latin1;

--
-- Extraindo dados da tabela `origin_user`
--

INSERT INTO `origin_user` (`user_id`, `origins_id`) VALUES
(2, 1),
(3, 1),
(15, 1),
(20, 1),
(3, 2),
(8, 2),
(16, 2),
(115, 2),
(2, 3),
(6, 3),
(7, 3),
(29, 3),
(41, 3),
(2, 4),
(7, 4),
(6, 5),
(7, 5),
(8, 5),
(12, 5),
(17, 5),
(5, 6),
(85, 6),
(128, 6),
(79, 8),
(10, 9),
(35, 9),
(92, 9),
(9, 10),
(15, 10),
(10, 11),
(12, 11),
(13, 11),
(28, 11),
(7, 12),
(6, 13),
(6, 14),
(11, 14),
(19, 14),
(14, 15),
(46, 15),
(98, 15),
(2, 16),
(46, 16),
(94, 16),
(2, 17),
(10, 18),
(12, 19),
(22, 19),
(39, 19),
(75, 19),
(13, 20),
(16, 20),
(19, 20),
(32, 20),
(56, 20),
(68, 20),
(55, 21),
(108, 21),
(19, 22),
(6, 23),
(51, 23),
(5, 24),
(8, 24),
(45, 24),
(103, 24),
(119, 24),
(33, 26),
(43, 26),
(141, 26),
(43, 28),
(59, 28),
(73, 28),
(74, 28),
(151, 28),
(61, 29),
(71, 29),
(34, 30),
(73, 30),
(35, 31),
(26, 32),
(60, 33),
(123, 33),
(2, 34),
(68, 34),
(3, 35),
(15, 35),
(25, 35),
(54, 35),
(118, 35),
(30, 36),
(8, 37),
(31, 37),
(117, 37),
(121, 37),
(42, 38),
(97, 38),
(12, 40),
(55, 40),
(77, 41),
(12, 42),
(38, 42),
(14, 44),
(40, 44),
(48, 44),
(53, 44),
(39, 45),
(28, 46),
(19, 47),
(32, 47),
(62, 48),
(48, 49),
(58, 49),
(95, 49),
(64, 50),
(20, 51),
(133, 51),
(3, 52),
(54, 53),
(76, 53),
(46, 55),
(7, 57),
(37, 57),
(119, 57),
(50, 58),
(4, 59),
(50, 59),
(99, 60),
(45, 61),
(113, 61),
(27, 62),
(25, 63),
(44, 63),
(125, 64),
(35, 65),
(5, 66),
(8, 67),
(42, 68),
(62, 70),
(56, 73),
(34, 74),
(60, 74),
(17, 76),
(101, 78),
(4, 80),
(52, 80),
(15, 83),
(26, 83),
(93, 83),
(18, 85),
(63, 85),
(147, 85),
(99, 86),
(79, 87),
(35, 90),
(82, 90),
(138, 91),
(99, 92),
(81, 94),
(3, 98),
(48, 98),
(22, 99),
(32, 99),
(36, 100),
(173, 104),
(163, 105),
(105, 106),
(20, 108),
(81, 109),
(75, 115),
(53, 116),
(31, 117),
(176, 118),
(193, 121),
(27, 125),
(98, 125),
(123, 125),
(69, 128),
(62, 130),
(114, 130),
(63, 131),
(130, 134),
(56, 136),
(80, 136),
(149, 136),
(135, 138),
(116, 139),
(69, 140),
(3, 141),
(28, 149),
(60, 155),
(84, 158),
(126, 161),
(63, 163),
(41, 175),
(109, 175),
(166, 185),
(69, 190);

-- --------------------------------------------------------

--
-- Estrutura da tabela `services`
--

CREATE TABLE `services` (
  `id` bigint(20) NOT NULL
) ENGINE=MyISAM DEFAULT CHARSET=latin1;

--
-- Extraindo dados da tabela `services`
--

INSERT INTO `services` (`id`) VALUES
(2),
(5),
(7),
(8),
(12),
(16),
(17),
(20),
(22),
(23),
(24),
(25),
(26),
(28),
(30),
(33),
(35),
(36),
(37),
(39),
(40),
(41),
(43),
(45),
(46),
(48),
(50),
(51),
(52),
(53),
(54),
(55),
(56),
(57),
(60),
(66),
(68),
(70),
(72),
(75),
(76),
(77),
(78),
(80),
(82),
(84),
(91),
(92),
(94),
(95),
(98),
(100),
(101),
(102),
(103),
(105),
(108),
(110),
(111),
(113),
(116),
(118),
(121),
(122),
(123),
(125),
(126),
(127),
(128),
(129),
(130),
(131),
(135),
(136),
(137),
(138),
(139),
(141),
(142),
(144),
(145),
(148),
(149),
(154),
(155),
(159),
(160),
(167),
(171),
(173),
(178),
(180),
(183),
(186),
(187),
(190),
(191),
(192),
(193),
(195),
(196),
(197),
(198),
(199);

-- --------------------------------------------------------

--
-- Estrutura da tabela `systems`
--

CREATE TABLE `systems` (
  `id` bigint(20) NOT NULL
) ENGINE=MyISAM DEFAULT CHARSET=latin1;

--
-- Extraindo dados da tabela `systems`
--

INSERT INTO `systems` (`id`) VALUES
(1),
(3),
(4),
(6),
(9),
(10),
(11),
(13),
(14),
(15),
(18),
(19),
(21),
(27),
(29),
(31),
(32),
(34),
(38),
(42),
(44),
(47),
(49),
(58),
(59),
(61),
(62),
(63),
(64),
(65),
(67),
(69),
(71),
(73),
(74),
(79),
(81),
(83),
(85),
(86),
(87),
(88),
(89),
(90),
(93),
(96),
(97),
(99),
(104),
(106),
(107),
(109),
(112),
(114),
(115),
(117),
(119),
(120),
(124),
(132),
(133),
(134),
(140),
(143),
(146),
(147),
(150),
(151),
(152),
(153),
(156),
(157),
(158),
(161),
(162),
(163),
(164),
(165),
(166),
(168),
(169),
(170),
(172),
(174),
(175),
(176),
(177),
(179),
(181),
(182),
(184),
(185),
(188),
(189),
(194),
(200);

-- --------------------------------------------------------

--
-- Estrutura da tabela `user`
--

CREATE TABLE `user` (
  `id` bigint(20) NOT NULL,
  `created_at` datetime DEFAULT NULL,
  `email` varchar(50) DEFAULT NULL,
  `modified_at` datetime DEFAULT NULL,
  `password` varchar(20) DEFAULT NULL
) ENGINE=MyISAM DEFAULT CHARSET=latin1;

--
-- Extraindo dados da tabela `user`
--

INSERT INTO `user` (`id`, `created_at`, `email`, `modified_at`, `password`) VALUES
(1, '2020-06-30 18:52:52', 'admin@admin.com', '2020-06-30 18:52:52', '@admin'),
(2, '2020-06-30 18:52:52', 'user_0@commomuser.com', '2020-06-30 18:52:52', '@user_0'),
(3, '2020-06-30 18:52:52', 'user_1@commomuser.com', '2020-06-30 18:52:52', '@user_1'),
(4, '2020-06-30 18:52:52', 'user_2@commomuser.com', '2020-06-30 18:52:52', '@user_2'),
(5, '2020-06-30 18:52:52', 'user_3@commomuser.com', '2020-06-30 18:52:52', '@user_3'),
(6, '2020-06-30 18:52:52', 'user_4@commomuser.com', '2020-06-30 18:52:52', '@user_4'),
(7, '2020-06-30 18:52:52', 'user_5@commomuser.com', '2020-06-30 18:52:52', '@user_5'),
(8, '2020-06-30 18:52:52', 'user_6@commomuser.com', '2020-06-30 18:52:52', '@user_6'),
(9, '2020-06-30 18:52:53', 'user_7@commomuser.com', '2020-06-30 18:52:53', '@user_7'),
(10, '2020-06-30 18:52:53', 'user_8@commomuser.com', '2020-06-30 18:52:53', '@user_8'),
(11, '2020-06-30 18:52:53', 'user_9@commomuser.com', '2020-06-30 18:52:53', '@user_9'),
(12, '2020-06-30 18:52:53', 'user_10@commomuser.com', '2020-06-30 18:52:53', '@user_10'),
(13, '2020-06-30 18:52:53', 'user_11@commomuser.com', '2020-06-30 18:52:53', '@user_11'),
(14, '2020-06-30 18:52:53', 'user_12@commomuser.com', '2020-06-30 18:52:53', '@user_12'),
(15, '2020-06-30 18:52:53', 'user_13@commomuser.com', '2020-06-30 18:52:53', '@user_13'),
(16, '2020-06-30 18:52:53', 'user_14@commomuser.com', '2020-06-30 18:52:53', '@user_14'),
(17, '2020-06-30 18:52:53', 'user_15@commomuser.com', '2020-06-30 18:52:53', '@user_15'),
(18, '2020-06-30 18:52:53', 'user_16@commomuser.com', '2020-06-30 18:52:53', '@user_16'),
(19, '2020-06-30 18:52:53', 'user_17@commomuser.com', '2020-06-30 18:52:53', '@user_17'),
(20, '2020-06-30 18:52:53', 'user_18@commomuser.com', '2020-06-30 18:52:53', '@user_18'),
(21, '2020-06-30 18:52:53', 'user_19@commomuser.com', '2020-06-30 18:52:53', '@user_19'),
(22, '2020-06-30 18:52:53', 'user_20@commomuser.com', '2020-06-30 18:52:53', '@user_20'),
(23, '2020-06-30 18:52:53', 'user_21@commomuser.com', '2020-06-30 18:52:53', '@user_21'),
(24, '2020-06-30 18:52:53', 'user_22@commomuser.com', '2020-06-30 18:52:53', '@user_22'),
(25, '2020-06-30 18:52:53', 'user_23@commomuser.com', '2020-06-30 18:52:53', '@user_23'),
(26, '2020-06-30 18:52:53', 'user_24@commomuser.com', '2020-06-30 18:52:53', '@user_24'),
(27, '2020-06-30 18:52:53', 'user_25@commomuser.com', '2020-06-30 18:52:53', '@user_25'),
(28, '2020-06-30 18:52:53', 'user_26@commomuser.com', '2020-06-30 18:52:53', '@user_26'),
(29, '2020-06-30 18:52:53', 'user_27@commomuser.com', '2020-06-30 18:52:53', '@user_27'),
(30, '2020-06-30 18:52:53', 'user_28@commomuser.com', '2020-06-30 18:52:53', '@user_28'),
(31, '2020-06-30 18:52:53', 'user_29@commomuser.com', '2020-06-30 18:52:53', '@user_29'),
(32, '2020-06-30 18:52:53', 'user_30@commomuser.com', '2020-06-30 18:52:53', '@user_30'),
(33, '2020-06-30 18:52:53', 'user_31@commomuser.com', '2020-06-30 18:52:53', '@user_31'),
(34, '2020-06-30 18:52:53', 'user_32@commomuser.com', '2020-06-30 18:52:53', '@user_32'),
(35, '2020-06-30 18:52:53', 'user_33@commomuser.com', '2020-06-30 18:52:53', '@user_33'),
(36, '2020-06-30 18:52:53', 'user_34@commomuser.com', '2020-06-30 18:52:53', '@user_34'),
(37, '2020-06-30 18:52:53', 'user_35@commomuser.com', '2020-06-30 18:52:53', '@user_35'),
(38, '2020-06-30 18:52:53', 'user_36@commomuser.com', '2020-06-30 18:52:53', '@user_36'),
(39, '2020-06-30 18:52:53', 'user_37@commomuser.com', '2020-06-30 18:52:53', '@user_37'),
(40, '2020-06-30 18:52:53', 'user_38@commomuser.com', '2020-06-30 18:52:53', '@user_38'),
(41, '2020-06-30 18:52:53', 'user_39@commomuser.com', '2020-06-30 18:52:53', '@user_39'),
(42, '2020-06-30 18:52:53', 'user_40@commomuser.com', '2020-06-30 18:52:53', '@user_40'),
(43, '2020-06-30 18:52:53', 'user_41@commomuser.com', '2020-06-30 18:52:53', '@user_41'),
(44, '2020-06-30 18:52:53', 'user_42@commomuser.com', '2020-06-30 18:52:53', '@user_42'),
(45, '2020-06-30 18:52:53', 'user_43@commomuser.com', '2020-06-30 18:52:53', '@user_43'),
(46, '2020-06-30 18:52:53', 'user_44@commomuser.com', '2020-06-30 18:52:53', '@user_44'),
(47, '2020-06-30 18:52:53', 'user_45@commomuser.com', '2020-06-30 18:52:53', '@user_45'),
(48, '2020-06-30 18:52:53', 'user_46@commomuser.com', '2020-06-30 18:52:53', '@user_46'),
(49, '2020-06-30 18:52:53', 'user_47@commomuser.com', '2020-06-30 18:52:53', '@user_47'),
(50, '2020-06-30 18:52:53', 'user_48@commomuser.com', '2020-06-30 18:52:53', '@user_48'),
(51, '2020-06-30 18:52:53', 'user_49@commomuser.com', '2020-06-30 18:52:53', '@user_49'),
(52, '2020-06-30 18:52:53', 'user_50@commomuser.com', '2020-06-30 18:52:53', '@user_50'),
(53, '2020-06-30 18:52:53', 'user_51@commomuser.com', '2020-06-30 18:52:53', '@user_51'),
(54, '2020-06-30 18:52:53', 'user_52@commomuser.com', '2020-06-30 18:52:53', '@user_52'),
(55, '2020-06-30 18:52:53', 'user_53@commomuser.com', '2020-06-30 18:52:53', '@user_53'),
(56, '2020-06-30 18:52:53', 'user_54@commomuser.com', '2020-06-30 18:52:53', '@user_54'),
(57, '2020-06-30 18:52:53', 'user_55@commomuser.com', '2020-06-30 18:52:53', '@user_55'),
(58, '2020-06-30 18:52:53', 'user_56@commomuser.com', '2020-06-30 18:52:53', '@user_56'),
(59, '2020-06-30 18:52:53', 'user_57@commomuser.com', '2020-06-30 18:52:53', '@user_57'),
(60, '2020-06-30 18:52:53', 'user_58@commomuser.com', '2020-06-30 18:52:53', '@user_58'),
(61, '2020-06-30 18:52:53', 'user_59@commomuser.com', '2020-06-30 18:52:53', '@user_59'),
(62, '2020-06-30 18:52:53', 'user_60@commomuser.com', '2020-06-30 18:52:53', '@user_60'),
(63, '2020-06-30 18:52:53', 'user_61@commomuser.com', '2020-06-30 18:52:53', '@user_61'),
(64, '2020-06-30 18:52:53', 'user_62@commomuser.com', '2020-06-30 18:52:53', '@user_62'),
(65, '2020-06-30 18:52:53', 'user_63@commomuser.com', '2020-06-30 18:52:53', '@user_63'),
(66, '2020-06-30 18:52:53', 'user_64@commomuser.com', '2020-06-30 18:52:53', '@user_64'),
(67, '2020-06-30 18:52:53', 'user_65@commomuser.com', '2020-06-30 18:52:53', '@user_65'),
(68, '2020-06-30 18:52:53', 'user_66@commomuser.com', '2020-06-30 18:52:53', '@user_66'),
(69, '2020-06-30 18:52:53', 'user_67@commomuser.com', '2020-06-30 18:52:53', '@user_67'),
(70, '2020-06-30 18:52:53', 'user_68@commomuser.com', '2020-06-30 18:52:53', '@user_68'),
(71, '2020-06-30 18:52:53', 'user_69@commomuser.com', '2020-06-30 18:52:53', '@user_69'),
(72, '2020-06-30 18:52:53', 'user_70@commomuser.com', '2020-06-30 18:52:53', '@user_70'),
(73, '2020-06-30 18:52:53', 'user_71@commomuser.com', '2020-06-30 18:52:53', '@user_71'),
(74, '2020-06-30 18:52:53', 'user_72@commomuser.com', '2020-06-30 18:52:53', '@user_72'),
(75, '2020-06-30 18:52:53', 'user_73@commomuser.com', '2020-06-30 18:52:53', '@user_73'),
(76, '2020-06-30 18:52:53', 'user_74@commomuser.com', '2020-06-30 18:52:53', '@user_74'),
(77, '2020-06-30 18:52:53', 'user_75@commomuser.com', '2020-06-30 18:52:53', '@user_75'),
(78, '2020-06-30 18:52:53', 'user_76@commomuser.com', '2020-06-30 18:52:53', '@user_76'),
(79, '2020-06-30 18:52:53', 'user_77@commomuser.com', '2020-06-30 18:52:53', '@user_77'),
(80, '2020-06-30 18:52:53', 'user_78@commomuser.com', '2020-06-30 18:52:53', '@user_78'),
(81, '2020-06-30 18:52:53', 'user_79@commomuser.com', '2020-06-30 18:52:53', '@user_79'),
(82, '2020-06-30 18:52:53', 'user_80@commomuser.com', '2020-06-30 18:52:53', '@user_80'),
(83, '2020-06-30 18:52:53', 'user_81@commomuser.com', '2020-06-30 18:52:53', '@user_81'),
(84, '2020-06-30 18:52:53', 'user_82@commomuser.com', '2020-06-30 18:52:53', '@user_82'),
(85, '2020-06-30 18:52:53', 'user_83@commomuser.com', '2020-06-30 18:52:53', '@user_83'),
(86, '2020-06-30 18:52:54', 'user_84@commomuser.com', '2020-06-30 18:52:54', '@user_84'),
(87, '2020-06-30 18:52:54', 'user_85@commomuser.com', '2020-06-30 18:52:54', '@user_85'),
(88, '2020-06-30 18:52:54', 'user_86@commomuser.com', '2020-06-30 18:52:54', '@user_86'),
(89, '2020-06-30 18:52:54', 'user_87@commomuser.com', '2020-06-30 18:52:54', '@user_87'),
(90, '2020-06-30 18:52:54', 'user_88@commomuser.com', '2020-06-30 18:52:54', '@user_88'),
(91, '2020-06-30 18:52:54', 'user_89@commomuser.com', '2020-06-30 18:52:54', '@user_89'),
(92, '2020-06-30 18:52:54', 'user_90@commomuser.com', '2020-06-30 18:52:54', '@user_90'),
(93, '2020-06-30 18:52:54', 'user_91@commomuser.com', '2020-06-30 18:52:54', '@user_91'),
(94, '2020-06-30 18:52:54', 'user_92@commomuser.com', '2020-06-30 18:52:54', '@user_92'),
(95, '2020-06-30 18:52:54', 'user_93@commomuser.com', '2020-06-30 18:52:54', '@user_93'),
(96, '2020-06-30 18:52:54', 'user_94@commomuser.com', '2020-06-30 18:52:54', '@user_94'),
(97, '2020-06-30 18:52:54', 'user_95@commomuser.com', '2020-06-30 18:52:54', '@user_95'),
(98, '2020-06-30 18:52:54', 'user_96@commomuser.com', '2020-06-30 18:52:54', '@user_96'),
(99, '2020-06-30 18:52:54', 'user_97@commomuser.com', '2020-06-30 18:52:54', '@user_97'),
(100, '2020-06-30 18:52:54', 'user_98@commomuser.com', '2020-06-30 18:52:54', '@user_98'),
(101, '2020-06-30 18:52:54', 'user_99@commomuser.com', '2020-06-30 18:52:54', '@user_99'),
(102, '2020-06-30 18:52:54', 'user_100@commomuser.com', '2020-06-30 18:52:54', '@user_100'),
(103, '2020-06-30 18:52:54', 'user_101@commomuser.com', '2020-06-30 18:52:54', '@user_101'),
(104, '2020-06-30 18:52:54', 'user_102@commomuser.com', '2020-06-30 18:52:54', '@user_102'),
(105, '2020-06-30 18:52:54', 'user_103@commomuser.com', '2020-06-30 18:52:54', '@user_103'),
(106, '2020-06-30 18:52:54', 'user_104@commomuser.com', '2020-06-30 18:52:54', '@user_104'),
(107, '2020-06-30 18:52:54', 'user_105@commomuser.com', '2020-06-30 18:52:54', '@user_105'),
(108, '2020-06-30 18:52:54', 'user_106@commomuser.com', '2020-06-30 18:52:54', '@user_106'),
(109, '2020-06-30 18:52:54', 'user_107@commomuser.com', '2020-06-30 18:52:54', '@user_107'),
(110, '2020-06-30 18:52:54', 'user_108@commomuser.com', '2020-06-30 18:52:54', '@user_108'),
(111, '2020-06-30 18:52:54', 'user_109@commomuser.com', '2020-06-30 18:52:54', '@user_109'),
(112, '2020-06-30 18:52:54', 'user_110@commomuser.com', '2020-06-30 18:52:54', '@user_110'),
(113, '2020-06-30 18:52:54', 'user_111@commomuser.com', '2020-06-30 18:52:54', '@user_111'),
(114, '2020-06-30 18:52:54', 'user_112@commomuser.com', '2020-06-30 18:52:54', '@user_112'),
(115, '2020-06-30 18:52:54', 'user_113@commomuser.com', '2020-06-30 18:52:54', '@user_113'),
(116, '2020-06-30 18:52:54', 'user_114@commomuser.com', '2020-06-30 18:52:54', '@user_114'),
(117, '2020-06-30 18:52:54', 'user_115@commomuser.com', '2020-06-30 18:52:54', '@user_115'),
(118, '2020-06-30 18:52:54', 'user_116@commomuser.com', '2020-06-30 18:52:54', '@user_116'),
(119, '2020-06-30 18:52:54', 'user_117@commomuser.com', '2020-06-30 18:52:54', '@user_117'),
(120, '2020-06-30 18:52:54', 'user_118@commomuser.com', '2020-06-30 18:52:54', '@user_118'),
(121, '2020-06-30 18:52:54', 'user_119@commomuser.com', '2020-06-30 18:52:54', '@user_119'),
(122, '2020-06-30 18:52:54', 'user_120@commomuser.com', '2020-06-30 18:52:54', '@user_120'),
(123, '2020-06-30 18:52:54', 'user_121@commomuser.com', '2020-06-30 18:52:54', '@user_121'),
(124, '2020-06-30 18:52:54', 'user_122@commomuser.com', '2020-06-30 18:52:54', '@user_122'),
(125, '2020-06-30 18:52:54', 'user_123@commomuser.com', '2020-06-30 18:52:54', '@user_123'),
(126, '2020-06-30 18:52:54', 'user_124@commomuser.com', '2020-06-30 18:52:54', '@user_124'),
(127, '2020-06-30 18:52:54', 'user_125@commomuser.com', '2020-06-30 18:52:54', '@user_125'),
(128, '2020-06-30 18:52:54', 'user_126@commomuser.com', '2020-06-30 18:52:54', '@user_126'),
(129, '2020-06-30 18:52:54', 'user_127@commomuser.com', '2020-06-30 18:52:54', '@user_127'),
(130, '2020-06-30 18:52:54', 'user_128@commomuser.com', '2020-06-30 18:52:54', '@user_128'),
(131, '2020-06-30 18:52:54', 'user_129@commomuser.com', '2020-06-30 18:52:54', '@user_129'),
(132, '2020-06-30 18:52:54', 'user_130@commomuser.com', '2020-06-30 18:52:54', '@user_130'),
(133, '2020-06-30 18:52:54', 'user_131@commomuser.com', '2020-06-30 18:52:54', '@user_131'),
(134, '2020-06-30 18:52:54', 'user_132@commomuser.com', '2020-06-30 18:52:54', '@user_132'),
(135, '2020-06-30 18:52:54', 'user_133@commomuser.com', '2020-06-30 18:52:54', '@user_133'),
(136, '2020-06-30 18:52:54', 'user_134@commomuser.com', '2020-06-30 18:52:54', '@user_134'),
(137, '2020-06-30 18:52:54', 'user_135@commomuser.com', '2020-06-30 18:52:54', '@user_135'),
(138, '2020-06-30 18:52:54', 'user_136@commomuser.com', '2020-06-30 18:52:54', '@user_136'),
(139, '2020-06-30 18:52:54', 'user_137@commomuser.com', '2020-06-30 18:52:54', '@user_137'),
(140, '2020-06-30 18:52:54', 'user_138@commomuser.com', '2020-06-30 18:52:54', '@user_138'),
(141, '2020-06-30 18:52:54', 'user_139@commomuser.com', '2020-06-30 18:52:54', '@user_139'),
(142, '2020-06-30 18:52:54', 'user_140@commomuser.com', '2020-06-30 18:52:54', '@user_140'),
(143, '2020-06-30 18:52:54', 'user_141@commomuser.com', '2020-06-30 18:52:54', '@user_141'),
(144, '2020-06-30 18:52:54', 'user_142@commomuser.com', '2020-06-30 18:52:54', '@user_142'),
(145, '2020-06-30 18:52:54', 'user_143@commomuser.com', '2020-06-30 18:52:54', '@user_143'),
(146, '2020-06-30 18:52:54', 'user_144@commomuser.com', '2020-06-30 18:52:54', '@user_144'),
(147, '2020-06-30 18:52:54', 'user_145@commomuser.com', '2020-06-30 18:52:54', '@user_145'),
(148, '2020-06-30 18:52:54', 'user_146@commomuser.com', '2020-06-30 18:52:54', '@user_146'),
(149, '2020-06-30 18:52:54', 'user_147@commomuser.com', '2020-06-30 18:52:54', '@user_147'),
(150, '2020-06-30 18:52:54', 'user_148@commomuser.com', '2020-06-30 18:52:54', '@user_148'),
(151, '2020-06-30 18:52:54', 'user_149@commomuser.com', '2020-06-30 18:52:54', '@user_149'),
(152, '2020-06-30 18:52:54', 'user_150@commomuser.com', '2020-06-30 18:52:54', '@user_150'),
(153, '2020-06-30 18:52:54', 'user_151@commomuser.com', '2020-06-30 18:52:54', '@user_151'),
(154, '2020-06-30 18:52:54', 'user_152@commomuser.com', '2020-06-30 18:52:54', '@user_152'),
(155, '2020-06-30 18:52:54', 'user_153@commomuser.com', '2020-06-30 18:52:54', '@user_153'),
(156, '2020-06-30 18:52:54', 'user_154@commomuser.com', '2020-06-30 18:52:54', '@user_154'),
(157, '2020-06-30 18:52:54', 'user_155@commomuser.com', '2020-06-30 18:52:54', '@user_155'),
(158, '2020-06-30 18:52:54', 'user_156@commomuser.com', '2020-06-30 18:52:54', '@user_156'),
(159, '2020-06-30 18:52:54', 'user_157@commomuser.com', '2020-06-30 18:52:54', '@user_157'),
(160, '2020-06-30 18:52:54', 'user_158@commomuser.com', '2020-06-30 18:52:54', '@user_158'),
(161, '2020-06-30 18:52:54', 'user_159@commomuser.com', '2020-06-30 18:52:54', '@user_159'),
(162, '2020-06-30 18:52:54', 'user_160@commomuser.com', '2020-06-30 18:52:54', '@user_160'),
(163, '2020-06-30 18:52:54', 'user_161@commomuser.com', '2020-06-30 18:52:54', '@user_161'),
(164, '2020-06-30 18:52:54', 'user_162@commomuser.com', '2020-06-30 18:52:54', '@user_162'),
(165, '2020-06-30 18:52:54', 'user_163@commomuser.com', '2020-06-30 18:52:54', '@user_163'),
(166, '2020-06-30 18:52:54', 'user_164@commomuser.com', '2020-06-30 18:52:54', '@user_164'),
(167, '2020-06-30 18:52:54', 'user_165@commomuser.com', '2020-06-30 18:52:54', '@user_165'),
(168, '2020-06-30 18:52:54', 'user_166@commomuser.com', '2020-06-30 18:52:54', '@user_166'),
(169, '2020-06-30 18:52:54', 'user_167@commomuser.com', '2020-06-30 18:52:54', '@user_167'),
(170, '2020-06-30 18:52:54', 'user_168@commomuser.com', '2020-06-30 18:52:54', '@user_168'),
(171, '2020-06-30 18:52:54', 'user_169@commomuser.com', '2020-06-30 18:52:54', '@user_169'),
(172, '2020-06-30 18:52:54', 'user_170@commomuser.com', '2020-06-30 18:52:54', '@user_170'),
(173, '2020-06-30 18:52:54', 'user_171@commomuser.com', '2020-06-30 18:52:54', '@user_171'),
(174, '2020-06-30 18:52:54', 'user_172@commomuser.com', '2020-06-30 18:52:54', '@user_172'),
(175, '2020-06-30 18:52:54', 'user_173@commomuser.com', '2020-06-30 18:52:54', '@user_173'),
(176, '2020-06-30 18:52:54', 'user_174@commomuser.com', '2020-06-30 18:52:54', '@user_174'),
(177, '2020-06-30 18:52:54', 'user_175@commomuser.com', '2020-06-30 18:52:54', '@user_175'),
(178, '2020-06-30 18:52:54', 'user_176@commomuser.com', '2020-06-30 18:52:54', '@user_176'),
(179, '2020-06-30 18:52:54', 'user_177@commomuser.com', '2020-06-30 18:52:54', '@user_177'),
(180, '2020-06-30 18:52:54', 'user_178@commomuser.com', '2020-06-30 18:52:54', '@user_178'),
(181, '2020-06-30 18:52:54', 'user_179@commomuser.com', '2020-06-30 18:52:54', '@user_179'),
(182, '2020-06-30 18:52:54', 'user_180@commomuser.com', '2020-06-30 18:52:54', '@user_180'),
(183, '2020-06-30 18:52:54', 'user_181@commomuser.com', '2020-06-30 18:52:54', '@user_181'),
(184, '2020-06-30 18:52:54', 'user_182@commomuser.com', '2020-06-30 18:52:54', '@user_182'),
(185, '2020-06-30 18:52:54', 'user_183@commomuser.com', '2020-06-30 18:52:54', '@user_183'),
(186, '2020-06-30 18:52:55', 'user_184@commomuser.com', '2020-06-30 18:52:55', '@user_184'),
(187, '2020-06-30 18:52:55', 'user_185@commomuser.com', '2020-06-30 18:52:55', '@user_185'),
(188, '2020-06-30 18:52:55', 'user_186@commomuser.com', '2020-06-30 18:52:55', '@user_186'),
(189, '2020-06-30 18:52:55', 'user_187@commomuser.com', '2020-06-30 18:52:55', '@user_187'),
(190, '2020-06-30 18:52:55', 'user_188@commomuser.com', '2020-06-30 18:52:55', '@user_188'),
(191, '2020-06-30 18:52:55', 'user_189@commomuser.com', '2020-06-30 18:52:55', '@user_189'),
(192, '2020-06-30 18:52:55', 'user_190@commomuser.com', '2020-06-30 18:52:55', '@user_190'),
(193, '2020-06-30 18:52:55', 'user_191@commomuser.com', '2020-06-30 18:52:55', '@user_191'),
(194, '2020-06-30 18:52:55', 'user_192@commomuser.com', '2020-06-30 18:52:55', '@user_192'),
(195, '2020-06-30 18:52:55', 'user_193@commomuser.com', '2020-06-30 18:52:55', '@user_193'),
(196, '2020-06-30 18:52:55', 'user_194@commomuser.com', '2020-06-30 18:52:55', '@user_194'),
(197, '2020-06-30 18:52:55', 'user_195@commomuser.com', '2020-06-30 18:52:55', '@user_195'),
(198, '2020-06-30 18:52:55', 'user_196@commomuser.com', '2020-06-30 18:52:55', '@user_196'),
(199, '2020-06-30 18:52:55', 'user_197@commomuser.com', '2020-06-30 18:52:55', '@user_197'),
(200, '2020-06-30 18:52:55', 'user_198@commomuser.com', '2020-06-30 18:52:55', '@user_198'),
(201, '2020-06-30 18:52:55', 'user_199@commomuser.com', '2020-06-30 18:52:55', '@user_199');

-- --------------------------------------------------------

--
-- Estrutura da tabela `user_grants`
--

CREATE TABLE `user_grants` (
  `user_id` bigint(20) NOT NULL,
  `grants` int(11) DEFAULT NULL
) ENGINE=MyISAM DEFAULT CHARSET=latin1;

--
-- Extraindo dados da tabela `user_grants`
--

INSERT INTO `user_grants` (`user_id`, `grants`) VALUES
(1, 2),
(1, 1),
(2, 2),
(3, 2),
(4, 2),
(5, 2),
(6, 2),
(7, 2),
(8, 2),
(9, 2),
(10, 2),
(11, 2),
(12, 2),
(13, 2),
(14, 2),
(15, 2),
(16, 2),
(17, 2),
(18, 2),
(19, 2),
(20, 2),
(21, 2),
(22, 2),
(23, 2),
(24, 2),
(25, 2),
(26, 2),
(27, 2),
(28, 2),
(29, 2),
(30, 2),
(31, 2),
(32, 2),
(33, 2),
(34, 2),
(35, 2),
(36, 2),
(37, 2),
(38, 2),
(39, 2),
(40, 2),
(41, 2),
(42, 2),
(43, 2),
(44, 2),
(45, 2),
(46, 2),
(47, 2),
(48, 2),
(49, 2),
(50, 2),
(51, 2),
(52, 2),
(53, 2),
(54, 2),
(55, 2),
(56, 2),
(57, 2),
(58, 2),
(59, 2),
(60, 2),
(61, 2),
(62, 2),
(63, 2),
(64, 2),
(65, 2),
(66, 2),
(67, 2),
(68, 2),
(69, 2),
(70, 2),
(71, 2),
(72, 2),
(73, 2),
(74, 2),
(75, 2),
(76, 2),
(77, 2),
(78, 2),
(79, 2),
(80, 2),
(81, 2),
(82, 2),
(83, 2),
(84, 2),
(85, 2),
(86, 2),
(87, 2),
(88, 2),
(89, 2),
(90, 2),
(91, 2),
(92, 2),
(93, 2),
(94, 2),
(95, 2),
(96, 2),
(97, 2),
(98, 2),
(99, 2),
(100, 2),
(101, 2),
(102, 2),
(103, 2),
(104, 2),
(105, 2),
(106, 2),
(107, 2),
(108, 2),
(109, 2),
(110, 2),
(111, 2),
(112, 2),
(113, 2),
(114, 2),
(115, 2),
(116, 2),
(117, 2),
(118, 2),
(119, 2),
(120, 2),
(121, 2),
(122, 2),
(123, 2),
(124, 2),
(125, 2),
(126, 2),
(127, 2),
(128, 2),
(129, 2),
(130, 2),
(131, 2),
(132, 2),
(133, 2),
(134, 2),
(135, 2),
(136, 2),
(137, 2),
(138, 2),
(139, 2),
(140, 2),
(141, 2),
(142, 2),
(143, 2),
(144, 2),
(145, 2),
(146, 2),
(147, 2),
(148, 2),
(149, 2),
(150, 2),
(151, 2),
(152, 2),
(153, 2),
(154, 2),
(155, 2),
(156, 2),
(157, 2),
(158, 2),
(159, 2),
(160, 2),
(161, 2),
(162, 2),
(163, 2),
(164, 2),
(165, 2),
(166, 2),
(167, 2),
(168, 2),
(169, 2),
(170, 2),
(171, 2),
(172, 2),
(173, 2),
(174, 2),
(175, 2),
(176, 2),
(177, 2),
(178, 2),
(179, 2),
(180, 2),
(181, 2),
(182, 2),
(183, 2),
(184, 2),
(185, 2),
(186, 2),
(187, 2),
(188, 2),
(189, 2),
(190, 2),
(191, 2),
(192, 2),
(193, 2),
(194, 2),
(195, 2),
(196, 2),
(197, 2),
(198, 2),
(199, 2),
(200, 2),
(201, 2);

--
-- Indexes for dumped tables
--

--
-- Indexes for table `events`
--
ALTER TABLE `events`
  ADD PRIMARY KEY (`id`),
  ADD KEY `FKivrqqv7g8lrc2nsvond8ogmcn` (`origins_id`);

--
-- Indexes for table `log`
--
ALTER TABLE `log`
  ADD PRIMARY KEY (`id`),
  ADD KEY `FKayumg6h5okihmla1j3w30atqg` (`events_id`);

--
-- Indexes for table `origins`
--
ALTER TABLE `origins`
  ADD PRIMARY KEY (`id`),
  ADD UNIQUE KEY `UK_frtxpw45dahs4hgtq1ndcvvn8` (`origin_key`);

--
-- Indexes for table `origins_grants`
--
ALTER TABLE `origins_grants`
  ADD KEY `FKbkwo0btav10k3kfn6mnf1865e` (`origins_id`);

--
-- Indexes for table `origin_user`
--
ALTER TABLE `origin_user`
  ADD PRIMARY KEY (`origins_id`,`user_id`),
  ADD KEY `FKf3g116pt5plvoegj8m6qsk5dn` (`user_id`);

--
-- Indexes for table `services`
--
ALTER TABLE `services`
  ADD PRIMARY KEY (`id`);

--
-- Indexes for table `systems`
--
ALTER TABLE `systems`
  ADD PRIMARY KEY (`id`);

--
-- Indexes for table `user`
--
ALTER TABLE `user`
  ADD PRIMARY KEY (`id`),
  ADD UNIQUE KEY `UK_ob8kqyqqgmefl0aco34akdtpe` (`email`);

--
-- Indexes for table `user_grants`
--
ALTER TABLE `user_grants`
  ADD KEY `FK6dbvk49e208uwv978r0ru3443` (`user_id`);

--
-- AUTO_INCREMENT for dumped tables
--

--
-- AUTO_INCREMENT for table `events`
--
ALTER TABLE `events`
  MODIFY `id` bigint(20) NOT NULL AUTO_INCREMENT, AUTO_INCREMENT=201;

--
-- AUTO_INCREMENT for table `log`
--
ALTER TABLE `log`
  MODIFY `id` bigint(20) NOT NULL AUTO_INCREMENT, AUTO_INCREMENT=201;

--
-- AUTO_INCREMENT for table `user`
--
ALTER TABLE `user`
  MODIFY `id` bigint(20) NOT NULL AUTO_INCREMENT, AUTO_INCREMENT=202;
COMMIT;

/*!40101 SET CHARACTER_SET_CLIENT=@OLD_CHARACTER_SET_CLIENT */;
/*!40101 SET CHARACTER_SET_RESULTS=@OLD_CHARACTER_SET_RESULTS */;
/*!40101 SET COLLATION_CONNECTION=@OLD_COLLATION_CONNECTION */;
